timestamp,market,utilization
2025-11-01 00:00,sdeUSD/USDC (Ethereum),0.8872
2025-11-01 00:00,xUSD/USDC (Arbitrum),0.7994
2025-11-01 00:00,xUSD/USDC (Plume),0.7217
2025-11-01 00:00,sdeUSD/pUSD (Plume),0.6733
2025-11-01 00:00,deUSD/USDC (Ethereum),0.7103
2025-11-01 00:00,xUSD/USDC (Arbitrum-2),0.8125
2025-11-01 01:00,sdeUSD/USDC (Ethereum),0.8366
2025-11-01 01:00,xUSD/USDC (Arbitrum),0.7755
2025-11-01 01:00,xUSD/USDC (Plume),0.7025
2025-11-01 01:00,sdeUSD/pUSD (Plume),0.6319
2025-11-01 01:00,deUSD/USDC (Ethereum),0.6563
2025-11-01 01:00,xUSD/USDC (Arbitrum-2),0.8356
2025-11-01 02:00,sdeUSD/USDC (Ethereum),0.8174
2025-11-01 02:00,xUSD/USDC (Arbitrum),0.7811
2025-11-01 02:00,xUSD/USDC (Plume),0.7059
2025-11-01 02:00,sdeUSD/pUSD (Plume),0.6904
2025-11-01 02:00,deUSD/USDC (Ethereum),0.6466
2025-11-01 02:00,xUSD/USDC (Arbitrum-2),0.7728
2025-11-01 03:00,sdeUSD/USDC (Ethereum),0.8304
2025-11-01 03:00,xUSD/USDC (Arbitrum),0.7634
2025-11-01 03:00,xUSD/USDC (Plume),0.7469
2025-11-01 03:00,sdeUSD/pUSD (Plume),0.7059
2025-11-01 03:00,deUSD/USDC (Ethereum),0.6438
2025-11-01 03:00,xUSD/USDC (Arbitrum-2),0.8246
2025-11-01 04:00,sdeUSD/USDC (Ethereum),0.8465
2025-11-01 04:00,xUSD/USDC (Arbitrum),0.7735
2025-11-01 04:00,xUSD/USDC (Plume),0.7211
2025-11-01 04:00,sdeUSD/pUSD (Plume),0.6857
2025-11-01 04:00,deUSD/USDC (Ethereum),0.6389
2025-11-01 04:00,xUSD/USDC (Arbitrum-2),0.8004
2025-11-01 05:00,sdeUSD/USDC (Ethereum),0.8657
2025-11-01 05:00,xUSD/USDC (Arbitrum),0.7826
2025-11-01 05:00,xUSD/USDC (Plume),0.7209
2025-11-01 05:00,sdeUSD/pUSD (Plume),0.6899
2025-11-01 05:00,deUSD/USDC (Ethereum),0.6633
2025-11-01 05:00,xUSD/USDC (Arbitrum-2),0.7987
2025-11-01 06:00,sdeUSD/USDC (Ethereum),0.8405
2025-11-01 06:00,xUSD/USDC (Arbitrum),0.7838
2025-11-01 06:00,xUSD/USDC (Plume),0.6881
2025-11-01 06:00,sdeUSD/pUSD (Plume),0.6758
2025-11-01 06:00,deUSD/USDC (Ethereum),0.6006
2025-11-01 06:00,xUSD/USDC (Arbitrum-2),0.7665
2025-11-01 07:00,sdeUSD/USDC (Ethereum),0.8135
2025-11-01 07:00,xUSD/USDC (Arbitrum),0.8009
2025-11-01 07:00,xUSD/USDC (Plume),0.7203
2025-11-01 07:00,sdeUSD/pUSD (Plume),0.6548
2025-11-01 07:00,deUSD/USDC (Ethereum),0.6598
2025-11-01 07:00,xUSD/USDC (Arbitrum-2),0.8198
2025-11-01 08:00,sdeUSD/USDC (Ethereum),0.8602
2025-11-01 08:00,xUSD/USDC (Arbitrum),0.7762
2025-11-01 08:00,xUSD/USDC (Plume),0.7246
2025-11-01 08:00,sdeUSD/pUSD (Plume),0.698
2025-11-01 08:00,deUSD/USDC (Ethereum),0.6406
2025-11-01 08:00,xUSD/USDC (Arbitrum-2),0.8006
2025-11-01 09:00,sdeUSD/USDC (Ethereum),0.8449
2025-11-01 09:00,xUSD/USDC (Arbitrum),0.7477
2025-11-01 09:00,xUSD/USDC (Plume),0.7383
2025-11-01 09:00,sdeUSD/pUSD (Plume),0.7211
2025-11-01 09:00,deUSD/USDC (Ethereum),0.6325
2025-11-01 09:00,xUSD/USDC (Arbitrum-2),0.8193
2025-11-01 10:00,sdeUSD/USDC (Ethereum),0.8332
2025-11-01 10:00,xUSD/USDC (Arbitrum),0.7827
2025-11-01 10:00,xUSD/USDC (Plume),0.7502
2025-11-01 10:00,sdeUSD/pUSD (Plume),0.6696
2025-11-01 10:00,deUSD/USDC (Ethereum),0.6497
2025-11-01 10:00,xUSD/USDC (Arbitrum-2),0.764
2025-11-01 11:00,sdeUSD/USDC (Ethereum),0.8367
2025-11-01 11:00,xUSD/USDC (Arbitrum),0.7419
2025-11-01 11:00,xUSD/USDC (Plume),0.7286
2025-11-01 11:00,sdeUSD/pUSD (Plume),0.6966
2025-11-01 11:00,deUSD/USDC (Ethereum),0.6456
2025-11-01 11:00,xUSD/USDC (Arbitrum-2),0.8057
2025-11-01 12:00,sdeUSD/USDC (Ethereum),0.8435
2025-11-01 12:00,xUSD/USDC (Arbitrum),0.7948
2025-11-01 12:00,xUSD/USDC (Plume),0.7226
2025-11-01 12:00,sdeUSD/pUSD (Plume),0.6403
2025-11-01 12:00,deUSD/USDC (Ethereum),0.6688
2025-11-01 12:00,xUSD/USDC (Arbitrum-2),0.7922
2025-11-01 13:00,sdeUSD/USDC (Ethereum),0.8246
2025-11-01 13:00,xUSD/USDC (Arbitrum),0.7712
2025-11-01 13:00,xUSD/USDC (Plume),0.682
2025-11-01 13:00,sdeUSD/pUSD (Plume),0.655
2025-11-01 13:00,deUSD/USDC (Ethereum),0.6529
2025-11-01 13:00,xUSD/USDC (Arbitrum-2),0.8045
2025-11-01 14:00,sdeUSD/USDC (Ethereum),0.8561
2025-11-01 14:00,xUSD/USDC (Arbitrum),0.7801
2025-11-01 14:00,xUSD/USDC (Plume),0.7061
2025-11-01 14:00,sdeUSD/pUSD (Plume),0.6789
2025-11-01 14:00,deUSD/USDC (Ethereum),0.6413
2025-11-01 14:00,xUSD/USDC (Arbitrum-2),0.7675
2025-11-01 15:00,sdeUSD/USDC (Ethereum),0.8346
2025-11-01 15:00,xUSD/USDC (Arbitrum),0.7978
2025-11-01 15:00,xUSD/USDC (Plume),0.7518
2025-11-01 15:00,sdeUSD/pUSD (Plume),0.693
2025-11-01 15:00,deUSD/USDC (Ethereum),0.6809
2025-11-01 15:00,xUSD/USDC (Arbitrum-2),0.8017
2025-11-01 16:00,sdeUSD/USDC (Ethereum),0.8848
2025-11-01 16:00,xUSD/USDC (Arbitrum),0.8211
2025-11-01 16:00,xUSD/USDC (Plume),0.6853
2025-11-01 16:00,sdeUSD/pUSD (Plume),0.6844
2025-11-01 16:00,deUSD/USDC (Ethereum),0.6517
2025-11-01 16:00,xUSD/USDC (Arbitrum-2),0.7915
2025-11-01 17:00,sdeUSD/USDC (Ethereum),0.8598
2025-11-01 17:00,xUSD/USDC (Arbitrum),0.7808
2025-11-01 17:00,xUSD/USDC (Plume),0.7053
2025-11-01 17:00,sdeUSD/pUSD (Plume),0.6795
2025-11-01 17:00,deUSD/USDC (Ethereum),0.6741
2025-11-01 17:00,xUSD/USDC (Arbitrum-2),0.8037
2025-11-01 18:00,sdeUSD/USDC (Ethereum),0.8625
2025-11-01 18:00,xUSD/USDC (Arbitrum),0.7745
2025-11-01 18:00,xUSD/USDC (Plume),0.729
2025-11-01 18:00,sdeUSD/pUSD (Plume),0.6558
2025-11-01 18:00,deUSD/USDC (Ethereum),0.64
2025-11-01 18:00,xUSD/USDC (Arbitrum-2),0.7979
2025-11-01 19:00,sdeUSD/USDC (Ethereum),0.8245
2025-11-01 19:00,xUSD/USDC (Arbitrum),0.7634
2025-11-01 19:00,xUSD/USDC (Plume),0.7263
2025-11-01 19:00,sdeUSD/pUSD (Plume),0.6826
2025-11-01 19:00,deUSD/USDC (Ethereum),0.6661
2025-11-01 19:00,xUSD/USDC (Arbitrum-2),0.788
2025-11-01 20:00,sdeUSD/USDC (Ethereum),0.8512
2025-11-01 20:00,xUSD/USDC (Arbitrum),0.7666
2025-11-01 20:00,xUSD/USDC (Plume),0.7341
2025-11-01 20:00,sdeUSD/pUSD (Plume),0.7038
2025-11-01 20:00,deUSD/USDC (Ethereum),0.6597
2025-11-01 20:00,xUSD/USDC (Arbitrum-2),0.8212
2025-11-01 21:00,sdeUSD/USDC (Ethereum),0.8506
2025-11-01 21:00,xUSD/USDC (Arbitrum),0.7961
2025-11-01 21:00,xUSD/USDC (Plume),0.7215
2025-11-01 21:00,sdeUSD/pUSD (Plume),0.6595
2025-11-01 21:00,deUSD/USDC (Ethereum),0.6549
2025-11-01 21:00,xUSD/USDC (Arbitrum-2),0.7801
2025-11-01 22:00,sdeUSD/USDC (Ethereum),0.8968
2025-11-01 22:00,xUSD/USDC (Arbitrum),0.7733
2025-11-01 22:00,xUSD/USDC (Plume),0.7329
2025-11-01 22:00,sdeUSD/pUSD (Plume),0.6798
2025-11-01 22:00,deUSD/USDC (Ethereum),0.6253
2025-11-01 22:00,xUSD/USDC (Arbitrum-2),0.762
2025-11-01 23:00,sdeUSD/USDC (Ethereum),0.865
2025-11-01 23:00,xUSD/USDC (Arbitrum),0.811
2025-11-01 23:00,xUSD/USDC (Plume),0.7053
2025-11-01 23:00,sdeUSD/pUSD (Plume),0.6469
2025-11-01 23:00,deUSD/USDC (Ethereum),0.6435
2025-11-01 23:00,xUSD/USDC (Arbitrum-2),0.7813
2025-11-02 00:00,sdeUSD/USDC (Ethereum),0.837
2025-11-02 00:00,xUSD/USDC (Arbitrum),0.7922
2025-11-02 00:00,xUSD/USDC (Plume),0.719
2025-11-02 00:00,sdeUSD/pUSD (Plume),0.6634
2025-11-02 00:00,deUSD/USDC (Ethereum),0.6618
2025-11-02 00:00,xUSD/USDC (Arbitrum-2),0.8133
2025-11-02 01:00,sdeUSD/USDC (Ethereum),0.8433
2025-11-02 01:00,xUSD/USDC (Arbitrum),0.7828
2025-11-02 01:00,xUSD/USDC (Plume),0.7304
2025-11-02 01:00,sdeUSD/pUSD (Plume),0.6885
2025-11-02 01:00,deUSD/USDC (Ethereum),0.6508
2025-11-02 01:00,xUSD/USDC (Arbitrum-2),0.8287
2025-11-02 02:00,sdeUSD/USDC (Ethereum),0.8617
2025-11-02 02:00,xUSD/USDC (Arbitrum),0.771
2025-11-02 02:00,xUSD/USDC (Plume),0.7111
2025-11-02 02:00,sdeUSD/pUSD (Plume),0.6688
2025-11-02 02:00,deUSD/USDC (Ethereum),0.6626
2025-11-02 02:00,xUSD/USDC (Arbitrum-2),0.7875
2025-11-02 03:00,sdeUSD/USDC (Ethereum),0.8415
2025-11-02 03:00,xUSD/USDC (Arbitrum),0.8012
2025-11-02 03:00,xUSD/USDC (Plume),0.7238
2025-11-02 03:00,sdeUSD/pUSD (Plume),0.704
2025-11-02 03:00,deUSD/USDC (Ethereum),0.666
2025-11-02 03:00,xUSD/USDC (Arbitrum-2),0.7765
2025-11-02 04:00,sdeUSD/USDC (Ethereum),0.848
2025-11-02 04:00,xUSD/USDC (Arbitrum),0.7998
2025-11-02 04:00,xUSD/USDC (Plume),0.6956
2025-11-02 04:00,sdeUSD/pUSD (Plume),0.6884
2025-11-02 04:00,deUSD/USDC (Ethereum),0.6492
2025-11-02 04:00,xUSD/USDC (Arbitrum-2),0.7649
2025-11-02 05:00,sdeUSD/USDC (Ethereum),0.8524
2025-11-02 05:00,xUSD/USDC (Arbitrum),0.7633
2025-11-02 05:00,xUSD/USDC (Plume),0.6966
2025-11-02 05:00,sdeUSD/pUSD (Plume),0.6802
2025-11-02 05:00,deUSD/USDC (Ethereum),0.6114
2025-11-02 05:00,xUSD/USDC (Arbitrum-2),0.7865
2025-11-02 06:00,sdeUSD/USDC (Ethereum),0.901
2025-11-02 06:00,xUSD/USDC (Arbitrum),0.793
2025-11-02 06:00,xUSD/USDC (Plume),0.7024
2025-11-02 06:00,sdeUSD/pUSD (Plume),0.7081
2025-11-02 06:00,deUSD/USDC (Ethereum),0.6302
2025-11-02 06:00,xUSD/USDC (Arbitrum-2),0.7889
2025-11-02 07:00,sdeUSD/USDC (Ethereum),0.827
2025-11-02 07:00,xUSD/USDC (Arbitrum),0.7851
2025-11-02 07:00,xUSD/USDC (Plume),0.7474
2025-11-02 07:00,sdeUSD/pUSD (Plume),0.66
2025-11-02 07:00,deUSD/USDC (Ethereum),0.6088
2025-11-02 07:00,xUSD/USDC (Arbitrum-2),0.8218
2025-11-02 08:00,sdeUSD/USDC (Ethereum),0.8811
2025-11-02 08:00,xUSD/USDC (Arbitrum),0.7401
2025-11-02 08:00,xUSD/USDC (Plume),0.7292
2025-11-02 08:00,sdeUSD/pUSD (Plume),0.6845
2025-11-02 08:00,deUSD/USDC (Ethereum),0.6343
2025-11-02 08:00,xUSD/USDC (Arbitrum-2),0.7721
2025-11-02 09:00,sdeUSD/USDC (Ethereum),0.8698
2025-11-02 09:00,xUSD/USDC (Arbitrum),0.7836
2025-11-02 09:00,xUSD/USDC (Plume),0.7251
2025-11-02 09:00,sdeUSD/pUSD (Plume),0.6676
2025-11-02 09:00,deUSD/USDC (Ethereum),0.634
2025-11-02 09:00,xUSD/USDC (Arbitrum-2),0.7509
2025-11-02 10:00,sdeUSD/USDC (Ethereum),0.8454
2025-11-02 10:00,xUSD/USDC (Arbitrum),0.8088
2025-11-02 10:00,xUSD/USDC (Plume),0.7022
2025-11-02 10:00,sdeUSD/pUSD (Plume),0.6496
2025-11-02 10:00,deUSD/USDC (Ethereum),0.6587
2025-11-02 10:00,xUSD/USDC (Arbitrum-2),0.8124
2025-11-02 11:00,sdeUSD/USDC (Ethereum),0.8383
2025-11-02 11:00,xUSD/USDC (Arbitrum),0.773
2025-11-02 11:00,xUSD/USDC (Plume),0.7253
2025-11-02 11:00,sdeUSD/pUSD (Plume),0.6769
2025-11-02 11:00,deUSD/USDC (Ethereum),0.67
2025-11-02 11:00,xUSD/USDC (Arbitrum-2),0.8487
2025-11-02 12:00,sdeUSD/USDC (Ethereum),0.8158
2025-11-02 12:00,xUSD/USDC (Arbitrum),0.8046
2025-11-02 12:00,xUSD/USDC (Plume),0.7221
2025-11-02 12:00,sdeUSD/pUSD (Plume),0.7078
2025-11-02 12:00,deUSD/USDC (Ethereum),0.6645
2025-11-02 12:00,xUSD/USDC (Arbitrum-2),0.8012
2025-11-02 13:00,sdeUSD/USDC (Ethereum),0.8652
2025-11-02 13:00,xUSD/USDC (Arbitrum),0.7721
2025-11-02 13:00,xUSD/USDC (Plume),0.7045
2025-11-02 13:00,sdeUSD/pUSD (Plume),0.6962
2025-11-02 13:00,deUSD/USDC (Ethereum),0.6331
2025-11-02 13:00,xUSD/USDC (Arbitrum-2),0.8128
2025-11-02 14:00,sdeUSD/USDC (Ethereum),0.8506
2025-11-02 14:00,xUSD/USDC (Arbitrum),0.7334
2025-11-02 14:00,xUSD/USDC (Plume),0.7085
2025-11-02 14:00,sdeUSD/pUSD (Plume),0.6867
2025-11-02 14:00,deUSD/USDC (Ethereum),0.6419
2025-11-02 14:00,xUSD/USDC (Arbitrum-2),0.7491
2025-11-02 15:00,sdeUSD/USDC (Ethereum),0.8764
2025-11-02 15:00,xUSD/USDC (Arbitrum),0.7834
2025-11-02 15:00,xUSD/USDC (Plume),0.7289
2025-11-02 15:00,sdeUSD/pUSD (Plume),0.6705
2025-11-02 15:00,deUSD/USDC (Ethereum),0.6606
2025-11-02 15:00,xUSD/USDC (Arbitrum-2),0.8367
2025-11-02 16:00,sdeUSD/USDC (Ethereum),0.8353
2025-11-02 16:00,xUSD/USDC (Arbitrum),0.8133
2025-11-02 16:00,xUSD/USDC (Plume),0.728
2025-11-02 16:00,sdeUSD/pUSD (Plume),0.6626
2025-11-02 16:00,deUSD/USDC (Ethereum),0.6942
2025-11-02 16:00,xUSD/USDC (Arbitrum-2),0.8078
2025-11-02 17:00,sdeUSD/USDC (Ethereum),0.8635
2025-11-02 17:00,xUSD/USDC (Arbitrum),0.7746
2025-11-02 17:00,xUSD/USDC (Plume),0.7041
2025-11-02 17:00,sdeUSD/pUSD (Plume),0.6834
2025-11-02 17:00,deUSD/USDC (Ethereum),0.6816
2025-11-02 17:00,xUSD/USDC (Arbitrum-2),0.7938
2025-11-02 18:00,sdeUSD/USDC (Ethereum),0.8495
2025-11-02 18:00,xUSD/USDC (Arbitrum),0.8091
2025-11-02 18:00,xUSD/USDC (Plume),0.714
2025-11-02 18:00,sdeUSD/pUSD (Plume),0.6902
2025-11-02 18:00,deUSD/USDC (Ethereum),0.6675
2025-11-02 18:00,xUSD/USDC (Arbitrum-2),0.7961
2025-11-02 19:00,sdeUSD/USDC (Ethereum),0.8562
2025-11-02 19:00,xUSD/USDC (Arbitrum),0.7932
2025-11-02 19:00,xUSD/USDC (Plume),0.712
2025-11-02 19:00,sdeUSD/pUSD (Plume),0.6963
2025-11-02 19:00,deUSD/USDC (Ethereum),0.6391
2025-11-02 19:00,xUSD/USDC (Arbitrum-2),0.7865
2025-11-02 20:00,sdeUSD/USDC (Ethereum),0.8195
2025-11-02 20:00,xUSD/USDC (Arbitrum),0.7699
2025-11-02 20:00,xUSD/USDC (Plume),0.7037
2025-11-02 20:00,sdeUSD/pUSD (Plume),0.672
2025-11-02 20:00,deUSD/USDC (Ethereum),0.6622
2025-11-02 20:00,xUSD/USDC (Arbitrum-2),0.7655
2025-11-02 21:00,sdeUSD/USDC (Ethereum),0.8105
2025-11-02 21:00,xUSD/USDC (Arbitrum),0.765
2025-11-02 21:00,xUSD/USDC (Plume),0.7292
2025-11-02 21:00,sdeUSD/pUSD (Plume),0.6858
2025-11-02 21:00,deUSD/USDC (Ethereum),0.6347
2025-11-02 21:00,xUSD/USDC (Arbitrum-2),0.8234
2025-11-02 22:00,sdeUSD/USDC (Ethereum),0.8368
2025-11-02 22:00,xUSD/USDC (Arbitrum),0.7892
2025-11-02 22:00,xUSD/USDC (Plume),0.7127
2025-11-02 22:00,sdeUSD/pUSD (Plume),0.6626
2025-11-02 22:00,deUSD/USDC (Ethereum),0.6379
2025-11-02 22:00,xUSD/USDC (Arbitrum-2),0.8147
2025-11-02 23:00,sdeUSD/USDC (Ethereum),0.8572
2025-11-02 23:00,xUSD/USDC (Arbitrum),0.7994
2025-11-02 23:00,xUSD/USDC (Plume),0.7272
2025-11-02 23:00,sdeUSD/pUSD (Plume),0.6478
2025-11-02 23:00,deUSD/USDC (Ethereum),0.6923
2025-11-02 23:00,xUSD/USDC (Arbitrum-2),0.8075
2025-11-03 00:00,sdeUSD/USDC (Ethereum),0.8603
2025-11-03 00:00,xUSD/USDC (Arbitrum),0.7725
2025-11-03 00:00,xUSD/USDC (Plume),0.7423
2025-11-03 00:00,sdeUSD/pUSD (Plume),0.6581
2025-11-03 00:00,deUSD/USDC (Ethereum),0.6622
2025-11-03 00:00,xUSD/USDC (Arbitrum-2),0.7584
2025-11-03 01:00,sdeUSD/USDC (Ethereum),0.8635
2025-11-03 01:00,xUSD/USDC (Arbitrum),0.7584
2025-11-03 01:00,xUSD/USDC (Plume),0.7255
2025-11-03 01:00,sdeUSD/pUSD (Plume),0.7071
2025-11-03 01:00,deUSD/USDC (Ethereum),0.6665
2025-11-03 01:00,xUSD/USDC (Arbitrum-2),0.8245
2025-11-03 02:00,sdeUSD/USDC (Ethereum),0.8724
2025-11-03 02:00,xUSD/USDC (Arbitrum),0.7695
2025-11-03 02:00,xUSD/USDC (Plume),0.732
2025-11-03 02:00,sdeUSD/pUSD (Plume),0.6455
2025-11-03 02:00,deUSD/USDC (Ethereum),0.6363
2025-11-03 02:00,xUSD/USDC (Arbitrum-2),0.8279
2025-11-03 03:00,sdeUSD/USDC (Ethereum),0.8423
2025-11-03 03:00,xUSD/USDC (Arbitrum),0.7426
2025-11-03 03:00,xUSD/USDC (Plume),0.7603
2025-11-03 03:00,sdeUSD/pUSD (Plume),0.6912
2025-11-03 03:00,deUSD/USDC (Ethereum),0.6653
2025-11-03 03:00,xUSD/USDC (Arbitrum-2),0.7804
2025-11-03 04:00,sdeUSD/USDC (Ethereum),0.8557
2025-11-03 04:00,xUSD/USDC (Arbitrum),0.7852
2025-11-03 04:00,xUSD/USDC (Plume),0.7036
2025-11-03 04:00,sdeUSD/pUSD (Plume),0.6766
2025-11-03 04:00,deUSD/USDC (Ethereum),0.62
2025-11-03 04:00,xUSD/USDC (Arbitrum-2),0.7931
2025-11-03 05:00,sdeUSD/USDC (Ethereum),0.8695
2025-11-03 05:00,xUSD/USDC (Arbitrum),0.7651
2025-11-03 05:00,xUSD/USDC (Plume),0.7581
2025-11-03 05:00,sdeUSD/pUSD (Plume),0.6513
2025-11-03 05:00,deUSD/USDC (Ethereum),0.6448
2025-11-03 05:00,xUSD/USDC (Arbitrum-2),0.7869
2025-11-03 06:00,sdeUSD/USDC (Ethereum),0.8464
2025-11-03 06:00,xUSD/USDC (Arbitrum),0.8074
2025-11-03 06:00,xUSD/USDC (Plume),0.7003
2025-11-03 06:00,sdeUSD/pUSD (Plume),0.671
2025-11-03 06:00,deUSD/USDC (Ethereum),0.6631
2025-11-03 06:00,xUSD/USDC (Arbitrum-2),0.8019
2025-11-03 07:00,sdeUSD/USDC (Ethereum),0.8535
2025-11-03 07:00,xUSD/USDC (Arbitrum),0.7607
2025-11-03 07:00,xUSD/USDC (Plume),0.7186
2025-11-03 07:00,sdeUSD/pUSD (Plume),0.7026
2025-11-03 07:00,deUSD/USDC (Ethereum),0.6178
2025-11-03 07:00,xUSD/USDC (Arbitrum-2),0.7861
2025-11-03 08:00,sdeUSD/USDC (Ethereum),0.8137
2025-11-03 08:00,xUSD/USDC (Arbitrum),0.7907
2025-11-03 08:00,xUSD/USDC (Plume),0.7445
2025-11-03 08:00,sdeUSD/pUSD (Plume),0.6763
2025-11-03 08:00,deUSD/USDC (Ethereum),0.6299
2025-11-03 08:00,xUSD/USDC (Arbitrum-2),0.7805
2025-11-03 09:00,sdeUSD/USDC (Ethereum),0.8441
2025-11-03 09:00,xUSD/USDC (Arbitrum),0.774
2025-11-03 09:00,xUSD/USDC (Plume),0.7382
2025-11-03 09:00,sdeUSD/pUSD (Plume),0.6666
2025-11-03 09:00,deUSD/USDC (Ethereum),0.6587
2025-11-03 09:00,xUSD/USDC (Arbitrum-2),0.7939
2025-11-03 10:00,sdeUSD/USDC (Ethereum),0.8351
2025-11-03 10:00,xUSD/USDC (Arbitrum),0.7734
2025-11-03 10:00,xUSD/USDC (Plume),0.7267
2025-11-03 10:00,sdeUSD/pUSD (Plume),0.6983
2025-11-03 10:00,deUSD/USDC (Ethereum),0.645
2025-11-03 10:00,xUSD/USDC (Arbitrum-2),0.7759
2025-11-03 11:00,sdeUSD/USDC (Ethereum),0.87
2025-11-03 11:00,xUSD/USDC (Arbitrum),0.762
2025-11-03 11:00,xUSD/USDC (Plume),0.7252
2025-11-03 11:00,sdeUSD/pUSD (Plume),0.6795
2025-11-03 11:00,deUSD/USDC (Ethereum),0.6468
2025-11-03 11:00,xUSD/USDC (Arbitrum-2),0.7903
2025-11-03 12:00,sdeUSD/USDC (Ethereum),0.8624
2025-11-03 12:00,xUSD/USDC (Arbitrum),0.7084
2025-11-03 12:00,xUSD/USDC (Plume),0.7427
2025-11-03 12:00,sdeUSD/pUSD (Plume),0.6617
2025-11-03 12:00,deUSD/USDC (Ethereum),0.6582
2025-11-03 12:00,xUSD/USDC (Arbitrum-2),0.8071
2025-11-03 13:00,sdeUSD/USDC (Ethereum),0.8755
2025-11-03 13:00,xUSD/USDC (Arbitrum),0.784
2025-11-03 13:00,xUSD/USDC (Plume),0.7034
2025-11-03 13:00,sdeUSD/pUSD (Plume),0.6479
2025-11-03 13:00,deUSD/USDC (Ethereum),0.643
2025-11-03 13:00,xUSD/USDC (Arbitrum-2),0.7608
2025-11-03 14:00,sdeUSD/USDC (Ethereum),0.8374
2025-11-03 14:00,xUSD/USDC (Arbitrum),0.7741
2025-11-03 14:00,xUSD/USDC (Plume),0.7062
2025-11-03 14:00,sdeUSD/pUSD (Plume),0.6808
2025-11-03 14:00,deUSD/USDC (Ethereum),0.6453
2025-11-03 14:00,xUSD/USDC (Arbitrum-2),0.7934
2025-11-03 15:00,sdeUSD/USDC (Ethereum),0.8015
2025-11-03 15:00,xUSD/USDC (Arbitrum),0.7541
2025-11-03 15:00,xUSD/USDC (Plume),0.7329
2025-11-03 15:00,sdeUSD/pUSD (Plume),0.6961
2025-11-03 15:00,deUSD/USDC (Ethereum),0.6132
2025-11-03 15:00,xUSD/USDC (Arbitrum-2),0.7837
2025-11-03 16:00,sdeUSD/USDC (Ethereum),0.8714
2025-11-03 16:00,xUSD/USDC (Arbitrum),0.7656
2025-11-03 16:00,xUSD/USDC (Plume),0.7178
2025-11-03 16:00,sdeUSD/pUSD (Plume),0.7088
2025-11-03 16:00,deUSD/USDC (Ethereum),0.6428
2025-11-03 16:00,xUSD/USDC (Arbitrum-2),0.7899
2025-11-03 17:00,sdeUSD/USDC (Ethereum),0.8469
2025-11-03 17:00,xUSD/USDC (Arbitrum),0.8171
2025-11-03 17:00,xUSD/USDC (Plume),0.7289
2025-11-03 17:00,sdeUSD/pUSD (Plume),0.6804
2025-11-03 17:00,deUSD/USDC (Ethereum),0.6395
2025-11-03 17:00,xUSD/USDC (Arbitrum-2),0.8108
2025-11-03 18:00,sdeUSD/USDC (Ethereum),0.8632
2025-11-03 18:00,xUSD/USDC (Arbitrum),0.7585
2025-11-03 18:00,xUSD/USDC (Plume),0.7337
2025-11-03 18:00,sdeUSD/pUSD (Plume),0.677
2025-11-03 18:00,deUSD/USDC (Ethereum),0.6505
2025-11-03 18:00,xUSD/USDC (Arbitrum-2),0.7823
2025-11-03 19:00,sdeUSD/USDC (Ethereum),0.842
2025-11-03 19:00,xUSD/USDC (Arbitrum),0.7594
2025-11-03 19:00,xUSD/USDC (Plume),0.6984
2025-11-03 19:00,sdeUSD/pUSD (Plume),0.6875
2025-11-03 19:00,deUSD/USDC (Ethereum),0.6429
2025-11-03 19:00,xUSD/USDC (Arbitrum-2),0.774
2025-11-03 20:00,sdeUSD/USDC (Ethereum),0.8935
2025-11-03 20:00,xUSD/USDC (Arbitrum),0.7575
2025-11-03 20:00,xUSD/USDC (Plume),0.7418
2025-11-03 20:00,sdeUSD/pUSD (Plume),0.6505
2025-11-03 20:00,deUSD/USDC (Ethereum),0.6591
2025-11-03 20:00,xUSD/USDC (Arbitrum-2),0.795
2025-11-03 21:00,sdeUSD/USDC (Ethereum),0.8374
2025-11-03 21:00,xUSD/USDC (Arbitrum),0.7839
2025-11-03 21:00,xUSD/USDC (Plume),0.7212
2025-11-03 21:00,sdeUSD/pUSD (Plume),0.6638
2025-11-03 21:00,deUSD/USDC (Ethereum),0.6328
2025-11-03 21:00,xUSD/USDC (Arbitrum-2),0.7685
2025-11-03 22:00,sdeUSD/USDC (Ethereum),0.8561
2025-11-03 22:00,xUSD/USDC (Arbitrum),0.7549
2025-11-03 22:00,xUSD/USDC (Plume),0.7201
2025-11-03 22:00,sdeUSD/pUSD (Plume),0.6918
2025-11-03 22:00,deUSD/USDC (Ethereum),0.6542
2025-11-03 22:00,xUSD/USDC (Arbitrum-2),0.7855
2025-11-03 23:00,sdeUSD/USDC (Ethereum),0.8682
2025-11-03 23:00,xUSD/USDC (Arbitrum),0.7718
2025-11-03 23:00,xUSD/USDC (Plume),0.6933
2025-11-03 23:00,sdeUSD/pUSD (Plume),0.6743
2025-11-03 23:00,deUSD/USDC (Ethereum),0.6617
2025-11-03 23:00,xUSD/USDC (Arbitrum-2),0.7865
2025-11-04 00:00,sdeUSD/USDC (Ethereum),0.8676
2025-11-04 00:00,xUSD/USDC (Arbitrum),0.7646
2025-11-04 00:00,xUSD/USDC (Plume),0.7073
2025-11-04 00:00,sdeUSD/pUSD (Plume),0.6591
2025-11-04 00:00,deUSD/USDC (Ethereum),0.6637
2025-11-04 00:00,xUSD/USDC (Arbitrum-2),0.7989
2025-11-04 01:00,sdeUSD/USDC (Ethereum),0.875
2025-11-04 01:00,xUSD/USDC (Arbitrum),0.8167
2025-11-04 01:00,xUSD/USDC (Plume),0.7667
2025-11-04 01:00,sdeUSD/pUSD (Plume),0.7333
2025-11-04 01:00,deUSD/USDC (Ethereum),0.7083
2025-11-04 01:00,xUSD/USDC (Arbitrum-2),0.8333
2025-11-04 02:00,sdeUSD/USDC (Ethereum),0.9
2025-11-04 02:00,xUSD/USDC (Arbitrum),0.8533
2025-11-04 02:00,xUSD/USDC (Plume),0.8133
2025-11-04 02:00,sdeUSD/pUSD (Plume),0.7867
2025-11-04 02:00,deUSD/USDC (Ethereum),0.7667
2025-11-04 02:00,xUSD/USDC (Arbitrum-2),0.8667
2025-11-04 03:00,sdeUSD/USDC (Ethereum),0.925
2025-11-04 03:00,xUSD/USDC (Arbitrum),0.89
2025-11-04 03:00,xUSD/USDC (Plume),0.86
2025-11-04 03:00,sdeUSD/pUSD (Plume),0.84
2025-11-04 03:00,deUSD/USDC (Ethereum),0.825
2025-11-04 03:00,xUSD/USDC (Arbitrum-2),0.9
2025-11-04 04:00,sdeUSD/USDC (Ethereum),0.95
2025-11-04 04:00,xUSD/USDC (Arbitrum),0.9267
2025-11-04 04:00,xUSD/USDC (Plume),0.9067
2025-11-04 04:00,sdeUSD/pUSD (Plume),0.8933
2025-11-04 04:00,deUSD/USDC (Ethereum),0.8833
2025-11-04 04:00,xUSD/USDC (Arbitrum-2),0.9333
2025-11-04 05:00,sdeUSD/USDC (Ethereum),0.975
2025-11-04 05:00,xUSD/USDC (Arbitrum),0.9633
2025-11-04 05:00,xUSD/USDC (Plume),0.9533
2025-11-04 05:00,sdeUSD/pUSD (Plume),0.9467
2025-11-04 05:00,deUSD/USDC (Ethereum),0.9417
2025-11-04 05:00,xUSD/USDC (Arbitrum-2),0.9667
2025-11-04 06:00,sdeUSD/USDC (Ethereum),1.0
2025-11-04 06:00,xUSD/USDC (Arbitrum),1.0
2025-11-04 06:00,xUSD/USDC (Plume),1.0
2025-11-04 06:00,sdeUSD/pUSD (Plume),1.0
2025-11-04 06:00,deUSD/USDC (Ethereum),1.0
2025-11-04 06:00,xUSD/USDC (Arbitrum-2),1.0
2025-11-04 07:00,sdeUSD/USDC (Ethereum),1.0
2025-11-04 07:00,xUSD/USDC (Arbitrum),1.0
2025-11-04 07:00,xUSD/USDC (Plume),1.0
2025-11-04 07:00,sdeUSD/pUSD (Plume),1.0
2025-11-04 07:00,deUSD/USDC (Ethereum),1.0
2025-11-04 07:00,xUSD/USDC (Arbitrum-2),1.0
2025-11-04 08:00,sdeUSD/USDC (Ethereum),1.0
2025-11-04 08:00,xUSD/USDC (Arbitrum),1.0
2025-11-04 08:00,xUSD/USDC (Plume),1.0
2025-11-04 08:00,sdeUSD/pUSD (Plume),1.0
2025-11-04 08:00,deUSD/USDC (Ethereum),1.0
2025-11-04 08:00,xUSD/USDC (Arbitrum-2),1.0
2025-11-04 09:00,sdeUSD/USDC (Ethereum),1.0
2025-11-04 09:00,xUSD/USDC (Arbitrum),1.0
2025-11-04 09:00,xUSD/USDC (Plume),1.0
2025-11-04 09:00,sdeUSD/pUSD (Plume),1.0
2025-11-04 09:00,deUSD/USDC (Ethereum),1.0
2025-11-04 09:00,xUSD/USDC (Arbitrum-2),1.0
2025-11-04 10:00,sdeUSD/USDC (Ethereum),1.0
2025-11-04 10:00,xUSD/USDC (Arbitrum),1.0
2025-11-04 10:00,xUSD/USDC (Plume),1.0
2025-11-04 10:00,sdeUSD/pUSD (Plume),1.0
2025-11-04 10:00,deUSD/USDC (Ethereum),1.0
2025-11-04 10:00,xUSD/USDC (Arbitrum-2),1.0
2025-11-04 11:00,sdeUSD/USDC (Ethereum),1.0
2025-11-04 11:00,xUSD/USDC (Arbitrum),1.0
2025-11-04 11:00,xUSD/USDC (Plume),1.0
2025-11-04 11:00,sdeUSD/pUSD (Plume),1.0
2025-11-04 11:00,deUSD/USDC (Ethereum),1.0
2025-11-04 11:00,xUSD/USDC (Arbitrum-2),1.0
2025-11-04 12:00,sdeUSD/USDC (Ethereum),1.0
2025-11-04 12:00,xUSD/USDC (Arbitrum),1.0
2025-11-04 12:00,xUSD/USDC (Plume),1.0
2025-11-04 12:00,sdeUSD/pUSD (Plume),1.0
2025-11-04 12:00,deUSD/USDC (Ethereum),1.0
2025-11-04 12:00,xUSD/USDC (Arbitrum-2),1.0
2025-11-04 13:00,sdeUSD/USDC (Ethereum),1.0
2025-11-04 13:00,xUSD/USDC (Arbitrum),1.0
2025-11-04 13:00,xUSD/USDC (Plume),1.0
2025-11-04 13:00,sdeUSD/pUSD (Plume),1.0
2025-11-04 13:00,deUSD/USDC (Ethereum),1.0
2025-11-04 13:00,xUSD/USDC (Arbitrum-2),1.0
2025-11-04 14:00,sdeUSD/USDC (Ethereum),1.0
2025-11-04 14:00,xUSD/USDC (Arbitrum),1.0
2025-11-04 14:00,xUSD/USDC (Plume),1.0
2025-11-04 14:00,sdeUSD/pUSD (Plume),1.0
2025-11-04 14:00,deUSD/USDC (Ethereum),1.0
2025-11-04 14:00,xUSD/USDC (Arbitrum-2),1.0
2025-11-04 15:00,sdeUSD/USDC (Ethereum),1.0
2025-11-04 15:00,xUSD/USDC (Arbitrum),1.0
2025-11-04 15:00,xUSD/USDC (Plume),1.0
2025-11-04 15:00,sdeUSD/pUSD (Plume),1.0
2025-11-04 15:00,deUSD/USDC (Ethereum),1.0
2025-11-04 15:00,xUSD/USDC (Arbitrum-2),1.0
2025-11-04 16:00,sdeUSD/USDC (Ethereum),1.0
2025-11-04 16:00,xUSD/USDC (Arbitrum),1.0
2025-11-04 16:00,xUSD/USDC (Plume),1.0
2025-11-04 16:00,sdeUSD/pUSD (Plume),1.0
2025-11-04 16:00,deUSD/USDC (Ethereum),1.0
2025-11-04 16:00,xUSD/USDC (Arbitrum-2),1.0
2025-11-04 17:00,sdeUSD/USDC (Ethereum),1.0
2025-11-04 17:00,xUSD/USDC (Arbitrum),1.0
2025-11-04 17:00,xUSD/USDC (Plume),1.0
2025-11-04 17:00,sdeUSD/pUSD (Plume),1.0
2025-11-04 17:00,deUSD/USDC (Ethereum),1.0
2025-11-04 17:00,xUSD/USDC (Arbitrum-2),1.0
2025-11-04 18:00,sdeUSD/USDC (Ethereum),1.0
2025-11-04 18:00,xUSD/USDC (Arbitrum),1.0
2025-11-04 18:00,xUSD/USDC (Plume),1.0
2025-11-04 18:00,sdeUSD/pUSD (Plume),1.0
2025-11-04 18:00,deUSD/USDC (Ethereum),1.0
2025-11-04 18:00,xUSD/USDC (Arbitrum-2),1.0
2025-11-04 19:00,sdeUSD/USDC (Ethereum),1.0
2025-11-04 19:00,xUSD/USDC (Arbitrum),1.0
2025-11-04 19:00,xUSD/USDC (Plume),1.0
2025-11-04 19:00,sdeUSD/pUSD (Plume),1.0
2025-11-04 19:00,deUSD/USDC (Ethereum),1.0
2025-11-04 19:00,xUSD/USDC (Arbitrum-2),1.0
2025-11-04 20:00,sdeUSD/USDC (Ethereum),1.0
2025-11-04 20:00,xUSD/USDC (Arbitrum),1.0
2025-11-04 20:00,xUSD/USDC (Plume),1.0
2025-11-04 20:00,sdeUSD/pUSD (Plume),1.0
2025-11-04 20:00,deUSD/USDC (Ethereum),1.0
2025-11-04 20:00,xUSD/USDC (Arbitrum-2),1.0
2025-11-04 21:00,sdeUSD/USDC (Ethereum),1.0
2025-11-04 21:00,xUSD/USDC (Arbitrum),1.0
2025-11-04 21:00,xUSD/USDC (Plume),1.0
2025-11-04 21:00,sdeUSD/pUSD (Plume),1.0
2025-11-04 21:00,deUSD/USDC (Ethereum),1.0
2025-11-04 21:00,xUSD/USDC (Arbitrum-2),1.0
2025-11-04 22:00,sdeUSD/USDC (Ethereum),1.0
2025-11-04 22:00,xUSD/USDC (Arbitrum),1.0
2025-11-04 22:00,xUSD/USDC (Plume),1.0
2025-11-04 22:00,sdeUSD/pUSD (Plume),1.0
2025-11-04 22:00,deUSD/USDC (Ethereum),1.0
2025-11-04 22:00,xUSD/USDC (Arbitrum-2),1.0
2025-11-04 23:00,sdeUSD/USDC (Ethereum),1.0
2025-11-04 23:00,xUSD/USDC (Arbitrum),1.0
2025-11-04 23:00,xUSD/USDC (Plume),1.0
2025-11-04 23:00,sdeUSD/pUSD (Plume),1.0
2025-11-04 23:00,deUSD/USDC (Ethereum),1.0
2025-11-04 23:00,xUSD/USDC (Arbitrum-2),1.0
2025-11-05 00:00,sdeUSD/USDC (Ethereum),1.0
2025-11-05 00:00,xUSD/USDC (Arbitrum),1.0
2025-11-05 00:00,xUSD/USDC (Plume),1.0
2025-11-05 00:00,sdeUSD/pUSD (Plume),1.0
2025-11-05 00:00,deUSD/USDC (Ethereum),1.0
2025-11-05 00:00,xUSD/USDC (Arbitrum-2),1.0
2025-11-05 01:00,sdeUSD/USDC (Ethereum),1.0
2025-11-05 01:00,xUSD/USDC (Arbitrum),1.0
2025-11-05 01:00,xUSD/USDC (Plume),1.0
2025-11-05 01:00,sdeUSD/pUSD (Plume),1.0
2025-11-05 01:00,deUSD/USDC (Ethereum),1.0
2025-11-05 01:00,xUSD/USDC (Arbitrum-2),1.0
2025-11-05 02:00,sdeUSD/USDC (Ethereum),1.0
2025-11-05 02:00,xUSD/USDC (Arbitrum),1.0
2025-11-05 02:00,xUSD/USDC (Plume),1.0
2025-11-05 02:00,sdeUSD/pUSD (Plume),1.0
2025-11-05 02:00,deUSD/USDC (Ethereum),1.0
2025-11-05 02:00,xUSD/USDC (Arbitrum-2),1.0
2025-11-05 03:00,sdeUSD/USDC (Ethereum),1.0
2025-11-05 03:00,xUSD/USDC (Arbitrum),1.0
2025-11-05 03:00,xUSD/USDC (Plume),1.0
2025-11-05 03:00,sdeUSD/pUSD (Plume),1.0
2025-11-05 03:00,deUSD/USDC (Ethereum),1.0
2025-11-05 03:00,xUSD/USDC (Arbitrum-2),1.0
2025-11-05 04:00,sdeUSD/USDC (Ethereum),1.0
2025-11-05 04:00,xUSD/USDC (Arbitrum),1.0
2025-11-05 04:00,xUSD/USDC (Plume),1.0
2025-11-05 04:00,sdeUSD/pUSD (Plume),1.0
2025-11-05 04:00,deUSD/USDC (Ethereum),1.0
2025-11-05 04:00,xUSD/USDC (Arbitrum-2),1.0
2025-11-05 05:00,sdeUSD/USDC (Ethereum),1.0
2025-11-05 05:00,xUSD/USDC (Arbitrum),1.0
2025-11-05 05:00,xUSD/USDC (Plume),1.0
2025-11-05 05:00,sdeUSD/pUSD (Plume),1.0
2025-11-05 05:00,deUSD/USDC (Ethereum),1.0
2025-11-05 05:00,xUSD/USDC (Arbitrum-2),1.0
2025-11-05 06:00,sdeUSD/USDC (Ethereum),1.0
2025-11-05 06:00,xUSD/USDC (Arbitrum),1.0
2025-11-05 06:00,xUSD/USDC (Plume),1.0
2025-11-05 06:00,sdeUSD/pUSD (Plume),1.0
2025-11-05 06:00,deUSD/USDC (Ethereum),1.0
2025-11-05 06:00,xUSD/USDC (Arbitrum-2),1.0
2025-11-05 07:00,sdeUSD/USDC (Ethereum),1.0
2025-11-05 07:00,xUSD/USDC (Arbitrum),1.0
2025-11-05 07:00,xUSD/USDC (Plume),1.0
2025-11-05 07:00,sdeUSD/pUSD (Plume),1.0
2025-11-05 07:00,deUSD/USDC (Ethereum),1.0
2025-11-05 07:00,xUSD/USDC (Arbitrum-2),1.0
2025-11-05 08:00,sdeUSD/USDC (Ethereum),1.0
2025-11-05 08:00,xUSD/USDC (Arbitrum),1.0
2025-11-05 08:00,xUSD/USDC (Plume),1.0
2025-11-05 08:00,sdeUSD/pUSD (Plume),1.0
2025-11-05 08:00,deUSD/USDC (Ethereum),1.0
2025-11-05 08:00,xUSD/USDC (Arbitrum-2),1.0
2025-11-05 09:00,sdeUSD/USDC (Ethereum),1.0
2025-11-05 09:00,xUSD/USDC (Arbitrum),1.0
2025-11-05 09:00,xUSD/USDC (Plume),1.0
2025-11-05 09:00,sdeUSD/pUSD (Plume),1.0
2025-11-05 09:00,deUSD/USDC (Ethereum),1.0
2025-11-05 09:00,xUSD/USDC (Arbitrum-2),1.0
2025-11-05 10:00,sdeUSD/USDC (Ethereum),1.0
2025-11-05 10:00,xUSD/USDC (Arbitrum),1.0
2025-11-05 10:00,xUSD/USDC (Plume),1.0
2025-11-05 10:00,sdeUSD/pUSD (Plume),1.0
2025-11-05 10:00,deUSD/USDC (Ethereum),1.0
2025-11-05 10:00,xUSD/USDC (Arbitrum-2),1.0
2025-11-05 11:00,sdeUSD/USDC (Ethereum),1.0
2025-11-05 11:00,xUSD/USDC (Arbitrum),1.0
2025-11-05 11:00,xUSD/USDC (Plume),1.0
2025-11-05 11:00,sdeUSD/pUSD (Plume),1.0
2025-11-05 11:00,deUSD/USDC (Ethereum),1.0
2025-11-05 11:00,xUSD/USDC (Arbitrum-2),1.0
2025-11-05 12:00,sdeUSD/USDC (Ethereum),1.0
2025-11-05 12:00,xUSD/USDC (Arbitrum),1.0
2025-11-05 12:00,xUSD/USDC (Plume),1.0
2025-11-05 12:00,sdeUSD/pUSD (Plume),1.0
2025-11-05 12:00,deUSD/USDC (Ethereum),1.0
2025-11-05 12:00,xUSD/USDC (Arbitrum-2),1.0
2025-11-05 13:00,sdeUSD/USDC (Ethereum),1.0
2025-11-05 13:00,xUSD/USDC (Arbitrum),1.0
2025-11-05 13:00,xUSD/USDC (Plume),1.0
2025-11-05 13:00,sdeUSD/pUSD (Plume),1.0
2025-11-05 13:00,deUSD/USDC (Ethereum),1.0
2025-11-05 13:00,xUSD/USDC (Arbitrum-2),1.0
2025-11-05 14:00,sdeUSD/USDC (Ethereum),1.0
2025-11-05 14:00,xUSD/USDC (Arbitrum),1.0
2025-11-05 14:00,xUSD/USDC (Plume),1.0
2025-11-05 14:00,sdeUSD/pUSD (Plume),1.0
2025-11-05 14:00,deUSD/USDC (Ethereum),1.0
2025-11-05 14:00,xUSD/USDC (Arbitrum-2),1.0
2025-11-05 15:00,sdeUSD/USDC (Ethereum),1.0
2025-11-05 15:00,xUSD/USDC (Arbitrum),1.0
2025-11-05 15:00,xUSD/USDC (Plume),1.0
2025-11-05 15:00,sdeUSD/pUSD (Plume),1.0
2025-11-05 15:00,deUSD/USDC (Ethereum),1.0
2025-11-05 15:00,xUSD/USDC (Arbitrum-2),1.0
2025-11-05 16:00,sdeUSD/USDC (Ethereum),1.0
2025-11-05 16:00,xUSD/USDC (Arbitrum),1.0
2025-11-05 16:00,xUSD/USDC (Plume),1.0
2025-11-05 16:00,sdeUSD/pUSD (Plume),1.0
2025-11-05 16:00,deUSD/USDC (Ethereum),1.0
2025-11-05 16:00,xUSD/USDC (Arbitrum-2),1.0
2025-11-05 17:00,sdeUSD/USDC (Ethereum),1.0
2025-11-05 17:00,xUSD/USDC (Arbitrum),1.0
2025-11-05 17:00,xUSD/USDC (Plume),1.0
2025-11-05 17:00,sdeUSD/pUSD (Plume),1.0
2025-11-05 17:00,deUSD/USDC (Ethereum),1.0
2025-11-05 17:00,xUSD/USDC (Arbitrum-2),1.0
2025-11-05 18:00,sdeUSD/USDC (Ethereum),1.0
2025-11-05 18:00,xUSD/USDC (Arbitrum),1.0
2025-11-05 18:00,xUSD/USDC (Plume),1.0
2025-11-05 18:00,sdeUSD/pUSD (Plume),1.0
2025-11-05 18:00,deUSD/USDC (Ethereum),1.0
2025-11-05 18:00,xUSD/USDC (Arbitrum-2),1.0
2025-11-05 19:00,sdeUSD/USDC (Ethereum),1.0
2025-11-05 19:00,xUSD/USDC (Arbitrum),1.0
2025-11-05 19:00,xUSD/USDC (Plume),1.0
2025-11-05 19:00,sdeUSD/pUSD (Plume),1.0
2025-11-05 19:00,deUSD/USDC (Ethereum),1.0
2025-11-05 19:00,xUSD/USDC (Arbitrum-2),1.0
2025-11-05 20:00,sdeUSD/USDC (Ethereum),1.0
2025-11-05 20:00,xUSD/USDC (Arbitrum),1.0
2025-11-05 20:00,xUSD/USDC (Plume),1.0
2025-11-05 20:00,sdeUSD/pUSD (Plume),1.0
2025-11-05 20:00,deUSD/USDC (Ethereum),1.0
2025-11-05 20:00,xUSD/USDC (Arbitrum-2),1.0
2025-11-05 21:00,sdeUSD/USDC (Ethereum),1.0
2025-11-05 21:00,xUSD/USDC (Arbitrum),1.0
2025-11-05 21:00,xUSD/USDC (Plume),1.0
2025-11-05 21:00,sdeUSD/pUSD (Plume),1.0
2025-11-05 21:00,deUSD/USDC (Ethereum),1.0
2025-11-05 21:00,xUSD/USDC (Arbitrum-2),1.0
2025-11-05 22:00,sdeUSD/USDC (Ethereum),1.0
2025-11-05 22:00,xUSD/USDC (Arbitrum),1.0
2025-11-05 22:00,xUSD/USDC (Plume),1.0
2025-11-05 22:00,sdeUSD/pUSD (Plume),1.0
2025-11-05 22:00,deUSD/USDC (Ethereum),1.0
2025-11-05 22:00,xUSD/USDC (Arbitrum-2),1.0
2025-11-05 23:00,sdeUSD/USDC (Ethereum),1.0
2025-11-05 23:00,xUSD/USDC (Arbitrum),1.0
2025-11-05 23:00,xUSD/USDC (Plume),1.0
2025-11-05 23:00,sdeUSD/pUSD (Plume),1.0
2025-11-05 23:00,deUSD/USDC (Ethereum),1.0
2025-11-05 23:00,xUSD/USDC (Arbitrum-2),1.0
2025-11-06 00:00,sdeUSD/USDC (Ethereum),1.0
2025-11-06 00:00,xUSD/USDC (Arbitrum),1.0
2025-11-06 00:00,xUSD/USDC (Plume),1.0
2025-11-06 00:00,sdeUSD/pUSD (Plume),1.0
2025-11-06 00:00,deUSD/USDC (Ethereum),1.0
2025-11-06 00:00,xUSD/USDC (Arbitrum-2),1.0
2025-11-06 01:00,sdeUSD/USDC (Ethereum),1.0
2025-11-06 01:00,xUSD/USDC (Arbitrum),1.0
2025-11-06 01:00,xUSD/USDC (Plume),1.0
2025-11-06 01:00,sdeUSD/pUSD (Plume),1.0
2025-11-06 01:00,deUSD/USDC (Ethereum),1.0
2025-11-06 01:00,xUSD/USDC (Arbitrum-2),1.0
2025-11-06 02:00,sdeUSD/USDC (Ethereum),1.0
2025-11-06 02:00,xUSD/USDC (Arbitrum),1.0
2025-11-06 02:00,xUSD/USDC (Plume),1.0
2025-11-06 02:00,sdeUSD/pUSD (Plume),1.0
2025-11-06 02:00,deUSD/USDC (Ethereum),1.0
2025-11-06 02:00,xUSD/USDC (Arbitrum-2),1.0
2025-11-06 03:00,sdeUSD/USDC (Ethereum),1.0
2025-11-06 03:00,xUSD/USDC (Arbitrum),1.0
2025-11-06 03:00,xUSD/USDC (Plume),1.0
2025-11-06 03:00,sdeUSD/pUSD (Plume),1.0
2025-11-06 03:00,deUSD/USDC (Ethereum),1.0
2025-11-06 03:00,xUSD/USDC (Arbitrum-2),1.0
2025-11-06 04:00,sdeUSD/USDC (Ethereum),1.0
2025-11-06 04:00,xUSD/USDC (Arbitrum),1.0
2025-11-06 04:00,xUSD/USDC (Plume),1.0
2025-11-06 04:00,sdeUSD/pUSD (Plume),1.0
2025-11-06 04:00,deUSD/USDC (Ethereum),1.0
2025-11-06 04:00,xUSD/USDC (Arbitrum-2),1.0
2025-11-06 05:00,sdeUSD/USDC (Ethereum),1.0
2025-11-06 05:00,xUSD/USDC (Arbitrum),1.0
2025-11-06 05:00,xUSD/USDC (Plume),1.0
2025-11-06 05:00,sdeUSD/pUSD (Plume),1.0
2025-11-06 05:00,deUSD/USDC (Ethereum),1.0
2025-11-06 05:00,xUSD/USDC (Arbitrum-2),1.0
2025-11-06 06:00,sdeUSD/USDC (Ethereum),1.0
2025-11-06 06:00,xUSD/USDC (Arbitrum),1.0
2025-11-06 06:00,xUSD/USDC (Plume),1.0
2025-11-06 06:00,sdeUSD/pUSD (Plume),1.0
2025-11-06 06:00,deUSD/USDC (Ethereum),1.0
2025-11-06 06:00,xUSD/USDC (Arbitrum-2),1.0
2025-11-06 07:00,sdeUSD/USDC (Ethereum),1.0
2025-11-06 07:00,xUSD/USDC (Arbitrum),1.0
2025-11-06 07:00,xUSD/USDC (Plume),1.0
2025-11-06 07:00,sdeUSD/pUSD (Plume),1.0
2025-11-06 07:00,deUSD/USDC (Ethereum),1.0
2025-11-06 07:00,xUSD/USDC (Arbitrum-2),1.0
2025-11-06 08:00,sdeUSD/USDC (Ethereum),1.0
2025-11-06 08:00,xUSD/USDC (Arbitrum),1.0
2025-11-06 08:00,xUSD/USDC (Plume),1.0
2025-11-06 08:00,sdeUSD/pUSD (Plume),1.0
2025-11-06 08:00,deUSD/USDC (Ethereum),1.0
2025-11-06 08:00,xUSD/USDC (Arbitrum-2),1.0
2025-11-06 09:00,sdeUSD/USDC (Ethereum),1.0
2025-11-06 09:00,xUSD/USDC (Arbitrum),1.0
2025-11-06 09:00,xUSD/USDC (Plume),1.0
2025-11-06 09:00,sdeUSD/pUSD (Plume),1.0
2025-11-06 09:00,deUSD/USDC (Ethereum),1.0
2025-11-06 09:00,xUSD/USDC (Arbitrum-2),1.0
2025-11-06 10:00,sdeUSD/USDC (Ethereum),1.0
2025-11-06 10:00,xUSD/USDC (Arbitrum),1.0
2025-11-06 10:00,xUSD/USDC (Plume),1.0
2025-11-06 10:00,sdeUSD/pUSD (Plume),1.0
2025-11-06 10:00,deUSD/USDC (Ethereum),1.0
2025-11-06 10:00,xUSD/USDC (Arbitrum-2),1.0
2025-11-06 11:00,sdeUSD/USDC (Ethereum),1.0
2025-11-06 11:00,xUSD/USDC (Arbitrum),1.0
2025-11-06 11:00,xUSD/USDC (Plume),1.0
2025-11-06 11:00,sdeUSD/pUSD (Plume),1.0
2025-11-06 11:00,deUSD/USDC (Ethereum),1.0
2025-11-06 11:00,xUSD/USDC (Arbitrum-2),1.0
2025-11-06 12:00,sdeUSD/USDC (Ethereum),1.0
2025-11-06 12:00,xUSD/USDC (Arbitrum),1.0
2025-11-06 12:00,xUSD/USDC (Plume),1.0
2025-11-06 12:00,sdeUSD/pUSD (Plume),1.0
2025-11-06 12:00,deUSD/USDC (Ethereum),1.0
2025-11-06 12:00,xUSD/USDC (Arbitrum-2),1.0
2025-11-06 13:00,sdeUSD/USDC (Ethereum),1.0
2025-11-06 13:00,xUSD/USDC (Arbitrum),1.0
2025-11-06 13:00,xUSD/USDC (Plume),1.0
2025-11-06 13:00,sdeUSD/pUSD (Plume),1.0
2025-11-06 13:00,deUSD/USDC (Ethereum),1.0
2025-11-06 13:00,xUSD/USDC (Arbitrum-2),1.0
2025-11-06 14:00,sdeUSD/USDC (Ethereum),1.0
2025-11-06 14:00,xUSD/USDC (Arbitrum),1.0
2025-11-06 14:00,xUSD/USDC (Plume),1.0
2025-11-06 14:00,sdeUSD/pUSD (Plume),1.0
2025-11-06 14:00,deUSD/USDC (Ethereum),1.0
2025-11-06 14:00,xUSD/USDC (Arbitrum-2),1.0
2025-11-06 15:00,sdeUSD/USDC (Ethereum),1.0
2025-11-06 15:00,xUSD/USDC (Arbitrum),1.0
2025-11-06 15:00,xUSD/USDC (Plume),1.0
2025-11-06 15:00,sdeUSD/pUSD (Plume),1.0
2025-11-06 15:00,deUSD/USDC (Ethereum),1.0
2025-11-06 15:00,xUSD/USDC (Arbitrum-2),1.0
2025-11-06 16:00,sdeUSD/USDC (Ethereum),1.0
2025-11-06 16:00,xUSD/USDC (Arbitrum),1.0
2025-11-06 16:00,xUSD/USDC (Plume),1.0
2025-11-06 16:00,sdeUSD/pUSD (Plume),1.0
2025-11-06 16:00,deUSD/USDC (Ethereum),1.0
2025-11-06 16:00,xUSD/USDC (Arbitrum-2),1.0
2025-11-06 17:00,sdeUSD/USDC (Ethereum),1.0
2025-11-06 17:00,xUSD/USDC (Arbitrum),1.0
2025-11-06 17:00,xUSD/USDC (Plume),1.0
2025-11-06 17:00,sdeUSD/pUSD (Plume),1.0
2025-11-06 17:00,deUSD/USDC (Ethereum),1.0
2025-11-06 17:00,xUSD/USDC (Arbitrum-2),1.0
2025-11-06 18:00,sdeUSD/USDC (Ethereum),1.0
2025-11-06 18:00,xUSD/USDC (Arbitrum),1.0
2025-11-06 18:00,xUSD/USDC (Plume),1.0
2025-11-06 18:00,sdeUSD/pUSD (Plume),1.0
2025-11-06 18:00,deUSD/USDC (Ethereum),1.0
2025-11-06 18:00,xUSD/USDC (Arbitrum-2),1.0
2025-11-06 19:00,sdeUSD/USDC (Ethereum),1.0
2025-11-06 19:00,xUSD/USDC (Arbitrum),1.0
2025-11-06 19:00,xUSD/USDC (Plume),1.0
2025-11-06 19:00,sdeUSD/pUSD (Plume),1.0
2025-11-06 19:00,deUSD/USDC (Ethereum),1.0
2025-11-06 19:00,xUSD/USDC (Arbitrum-2),1.0
2025-11-06 20:00,sdeUSD/USDC (Ethereum),1.0
2025-11-06 20:00,xUSD/USDC (Arbitrum),1.0
2025-11-06 20:00,xUSD/USDC (Plume),1.0
2025-11-06 20:00,sdeUSD/pUSD (Plume),1.0
2025-11-06 20:00,deUSD/USDC (Ethereum),1.0
2025-11-06 20:00,xUSD/USDC (Arbitrum-2),1.0
2025-11-06 21:00,sdeUSD/USDC (Ethereum),1.0
2025-11-06 21:00,xUSD/USDC (Arbitrum),1.0
2025-11-06 21:00,xUSD/USDC (Plume),1.0
2025-11-06 21:00,sdeUSD/pUSD (Plume),1.0
2025-11-06 21:00,deUSD/USDC (Ethereum),1.0
2025-11-06 21:00,xUSD/USDC (Arbitrum-2),1.0
2025-11-06 22:00,sdeUSD/USDC (Ethereum),1.0
2025-11-06 22:00,xUSD/USDC (Arbitrum),1.0
2025-11-06 22:00,xUSD/USDC (Plume),1.0
2025-11-06 22:00,sdeUSD/pUSD (Plume),1.0
2025-11-06 22:00,deUSD/USDC (Ethereum),1.0
2025-11-06 22:00,xUSD/USDC (Arbitrum-2),1.0
2025-11-06 23:00,sdeUSD/USDC (Ethereum),1.0
2025-11-06 23:00,xUSD/USDC (Arbitrum),1.0
2025-11-06 23:00,xUSD/USDC (Plume),1.0
2025-11-06 23:00,sdeUSD/pUSD (Plume),1.0
2025-11-06 23:00,deUSD/USDC (Ethereum),1.0
2025-11-06 23:00,xUSD/USDC (Arbitrum-2),1.0
2025-11-07 00:00,sdeUSD/USDC (Ethereum),1.0
2025-11-07 00:00,xUSD/USDC (Arbitrum),1.0
2025-11-07 00:00,xUSD/USDC (Plume),1.0
2025-11-07 00:00,sdeUSD/pUSD (Plume),1.0
2025-11-07 00:00,deUSD/USDC (Ethereum),1.0
2025-11-07 00:00,xUSD/USDC (Arbitrum-2),1.0
2025-11-07 01:00,sdeUSD/USDC (Ethereum),1.0
2025-11-07 01:00,xUSD/USDC (Arbitrum),1.0
2025-11-07 01:00,xUSD/USDC (Plume),1.0
2025-11-07 01:00,sdeUSD/pUSD (Plume),1.0
2025-11-07 01:00,deUSD/USDC (Ethereum),1.0
2025-11-07 01:00,xUSD/USDC (Arbitrum-2),1.0
2025-11-07 02:00,sdeUSD/USDC (Ethereum),1.0
2025-11-07 02:00,xUSD/USDC (Arbitrum),1.0
2025-11-07 02:00,xUSD/USDC (Plume),1.0
2025-11-07 02:00,sdeUSD/pUSD (Plume),1.0
2025-11-07 02:00,deUSD/USDC (Ethereum),1.0
2025-11-07 02:00,xUSD/USDC (Arbitrum-2),1.0
2025-11-07 03:00,sdeUSD/USDC (Ethereum),1.0
2025-11-07 03:00,xUSD/USDC (Arbitrum),1.0
2025-11-07 03:00,xUSD/USDC (Plume),1.0
2025-11-07 03:00,sdeUSD/pUSD (Plume),1.0
2025-11-07 03:00,deUSD/USDC (Ethereum),1.0
2025-11-07 03:00,xUSD/USDC (Arbitrum-2),1.0
2025-11-07 04:00,sdeUSD/USDC (Ethereum),1.0
2025-11-07 04:00,xUSD/USDC (Arbitrum),1.0
2025-11-07 04:00,xUSD/USDC (Plume),1.0
2025-11-07 04:00,sdeUSD/pUSD (Plume),1.0
2025-11-07 04:00,deUSD/USDC (Ethereum),1.0
2025-11-07 04:00,xUSD/USDC (Arbitrum-2),1.0
2025-11-07 05:00,sdeUSD/USDC (Ethereum),1.0
2025-11-07 05:00,xUSD/USDC (Arbitrum),1.0
2025-11-07 05:00,xUSD/USDC (Plume),1.0
2025-11-07 05:00,sdeUSD/pUSD (Plume),1.0
2025-11-07 05:00,deUSD/USDC (Ethereum),1.0
2025-11-07 05:00,xUSD/USDC (Arbitrum-2),1.0
2025-11-07 06:00,sdeUSD/USDC (Ethereum),1.0
2025-11-07 06:00,xUSD/USDC (Arbitrum),1.0
2025-11-07 06:00,xUSD/USDC (Plume),1.0
2025-11-07 06:00,sdeUSD/pUSD (Plume),1.0
2025-11-07 06:00,deUSD/USDC (Ethereum),1.0
2025-11-07 06:00,xUSD/USDC (Arbitrum-2),1.0
2025-11-07 07:00,sdeUSD/USDC (Ethereum),1.0
2025-11-07 07:00,xUSD/USDC (Arbitrum),1.0
2025-11-07 07:00,xUSD/USDC (Plume),1.0
2025-11-07 07:00,sdeUSD/pUSD (Plume),1.0
2025-11-07 07:00,deUSD/USDC (Ethereum),1.0
2025-11-07 07:00,xUSD/USDC (Arbitrum-2),1.0
2025-11-07 08:00,sdeUSD/USDC (Ethereum),1.0
2025-11-07 08:00,xUSD/USDC (Arbitrum),1.0
2025-11-07 08:00,xUSD/USDC (Plume),1.0
2025-11-07 08:00,sdeUSD/pUSD (Plume),1.0
2025-11-07 08:00,deUSD/USDC (Ethereum),1.0
2025-11-07 08:00,xUSD/USDC (Arbitrum-2),1.0
2025-11-07 09:00,sdeUSD/USDC (Ethereum),1.0
2025-11-07 09:00,xUSD/USDC (Arbitrum),1.0
2025-11-07 09:00,xUSD/USDC (Plume),1.0
2025-11-07 09:00,sdeUSD/pUSD (Plume),1.0
2025-11-07 09:00,deUSD/USDC (Ethereum),1.0
2025-11-07 09:00,xUSD/USDC (Arbitrum-2),1.0
2025-11-07 10:00,sdeUSD/USDC (Ethereum),1.0
2025-11-07 10:00,xUSD/USDC (Arbitrum),1.0
2025-11-07 10:00,xUSD/USDC (Plume),1.0
2025-11-07 10:00,sdeUSD/pUSD (Plume),1.0
2025-11-07 10:00,deUSD/USDC (Ethereum),1.0
2025-11-07 10:00,xUSD/USDC (Arbitrum-2),1.0
2025-11-07 11:00,sdeUSD/USDC (Ethereum),1.0
2025-11-07 11:00,xUSD/USDC (Arbitrum),1.0
2025-11-07 11:00,xUSD/USDC (Plume),1.0
2025-11-07 11:00,sdeUSD/pUSD (Plume),1.0
2025-11-07 11:00,deUSD/USDC (Ethereum),1.0
2025-11-07 11:00,xUSD/USDC (Arbitrum-2),1.0
2025-11-07 12:00,sdeUSD/USDC (Ethereum),1.0
2025-11-07 12:00,xUSD/USDC (Arbitrum),1.0
2025-11-07 12:00,xUSD/USDC (Plume),1.0
2025-11-07 12:00,sdeUSD/pUSD (Plume),1.0
2025-11-07 12:00,deUSD/USDC (Ethereum),1.0
2025-11-07 12:00,xUSD/USDC (Arbitrum-2),1.0
2025-11-07 13:00,sdeUSD/USDC (Ethereum),1.0
2025-11-07 13:00,xUSD/USDC (Arbitrum),1.0
2025-11-07 13:00,xUSD/USDC (Plume),1.0
2025-11-07 13:00,sdeUSD/pUSD (Plume),1.0
2025-11-07 13:00,deUSD/USDC (Ethereum),1.0
2025-11-07 13:00,xUSD/USDC (Arbitrum-2),1.0
2025-11-07 14:00,sdeUSD/USDC (Ethereum),1.0
2025-11-07 14:00,xUSD/USDC (Arbitrum),1.0
2025-11-07 14:00,xUSD/USDC (Plume),1.0
2025-11-07 14:00,sdeUSD/pUSD (Plume),1.0
2025-11-07 14:00,deUSD/USDC (Ethereum),1.0
2025-11-07 14:00,xUSD/USDC (Arbitrum-2),1.0
2025-11-07 15:00,sdeUSD/USDC (Ethereum),1.0
2025-11-07 15:00,xUSD/USDC (Arbitrum),1.0
2025-11-07 15:00,xUSD/USDC (Plume),1.0
2025-11-07 15:00,sdeUSD/pUSD (Plume),1.0
2025-11-07 15:00,deUSD/USDC (Ethereum),1.0
2025-11-07 15:00,xUSD/USDC (Arbitrum-2),1.0
2025-11-07 16:00,sdeUSD/USDC (Ethereum),1.0
2025-11-07 16:00,xUSD/USDC (Arbitrum),1.0
2025-11-07 16:00,xUSD/USDC (Plume),1.0
2025-11-07 16:00,sdeUSD/pUSD (Plume),1.0
2025-11-07 16:00,deUSD/USDC (Ethereum),1.0
2025-11-07 16:00,xUSD/USDC (Arbitrum-2),1.0
2025-11-07 17:00,sdeUSD/USDC (Ethereum),1.0
2025-11-07 17:00,xUSD/USDC (Arbitrum),1.0
2025-11-07 17:00,xUSD/USDC (Plume),1.0
2025-11-07 17:00,sdeUSD/pUSD (Plume),1.0
2025-11-07 17:00,deUSD/USDC (Ethereum),1.0
2025-11-07 17:00,xUSD/USDC (Arbitrum-2),1.0
2025-11-07 18:00,sdeUSD/USDC (Ethereum),1.0
2025-11-07 18:00,xUSD/USDC (Arbitrum),1.0
2025-11-07 18:00,xUSD/USDC (Plume),1.0
2025-11-07 18:00,sdeUSD/pUSD (Plume),1.0
2025-11-07 18:00,deUSD/USDC (Ethereum),1.0
2025-11-07 18:00,xUSD/USDC (Arbitrum-2),1.0
2025-11-07 19:00,sdeUSD/USDC (Ethereum),1.0
2025-11-07 19:00,xUSD/USDC (Arbitrum),1.0
2025-11-07 19:00,xUSD/USDC (Plume),1.0
2025-11-07 19:00,sdeUSD/pUSD (Plume),1.0
2025-11-07 19:00,deUSD/USDC (Ethereum),1.0
2025-11-07 19:00,xUSD/USDC (Arbitrum-2),1.0
2025-11-07 20:00,sdeUSD/USDC (Ethereum),1.0
2025-11-07 20:00,xUSD/USDC (Arbitrum),1.0
2025-11-07 20:00,xUSD/USDC (Plume),1.0
2025-11-07 20:00,sdeUSD/pUSD (Plume),1.0
2025-11-07 20:00,deUSD/USDC (Ethereum),1.0
2025-11-07 20:00,xUSD/USDC (Arbitrum-2),1.0
2025-11-07 21:00,sdeUSD/USDC (Ethereum),1.0
2025-11-07 21:00,xUSD/USDC (Arbitrum),1.0
2025-11-07 21:00,xUSD/USDC (Plume),1.0
2025-11-07 21:00,sdeUSD/pUSD (Plume),1.0
2025-11-07 21:00,deUSD/USDC (Ethereum),1.0
2025-11-07 21:00,xUSD/USDC (Arbitrum-2),1.0
2025-11-07 22:00,sdeUSD/USDC (Ethereum),1.0
2025-11-07 22:00,xUSD/USDC (Arbitrum),1.0
2025-11-07 22:00,xUSD/USDC (Plume),1.0
2025-11-07 22:00,sdeUSD/pUSD (Plume),1.0
2025-11-07 22:00,deUSD/USDC (Ethereum),1.0
2025-11-07 22:00,xUSD/USDC (Arbitrum-2),1.0
2025-11-07 23:00,sdeUSD/USDC (Ethereum),1.0
2025-11-07 23:00,xUSD/USDC (Arbitrum),1.0
2025-11-07 23:00,xUSD/USDC (Plume),1.0
2025-11-07 23:00,sdeUSD/pUSD (Plume),1.0
2025-11-07 23:00,deUSD/USDC (Ethereum),1.0
2025-11-07 23:00,xUSD/USDC (Arbitrum-2),1.0
2025-11-08 00:00,sdeUSD/USDC (Ethereum),1.0
2025-11-08 00:00,xUSD/USDC (Arbitrum),1.0
2025-11-08 00:00,xUSD/USDC (Plume),1.0
2025-11-08 00:00,sdeUSD/pUSD (Plume),1.0
2025-11-08 00:00,deUSD/USDC (Ethereum),1.0
2025-11-08 00:00,xUSD/USDC (Arbitrum-2),1.0
2025-11-08 01:00,sdeUSD/USDC (Ethereum),1.0
2025-11-08 01:00,xUSD/USDC (Arbitrum),1.0
2025-11-08 01:00,xUSD/USDC (Plume),1.0
2025-11-08 01:00,sdeUSD/pUSD (Plume),1.0
2025-11-08 01:00,deUSD/USDC (Ethereum),1.0
2025-11-08 01:00,xUSD/USDC (Arbitrum-2),1.0
2025-11-08 02:00,sdeUSD/USDC (Ethereum),1.0
2025-11-08 02:00,xUSD/USDC (Arbitrum),1.0
2025-11-08 02:00,xUSD/USDC (Plume),1.0
2025-11-08 02:00,sdeUSD/pUSD (Plume),1.0
2025-11-08 02:00,deUSD/USDC (Ethereum),1.0
2025-11-08 02:00,xUSD/USDC (Arbitrum-2),1.0
2025-11-08 03:00,sdeUSD/USDC (Ethereum),1.0
2025-11-08 03:00,xUSD/USDC (Arbitrum),1.0
2025-11-08 03:00,xUSD/USDC (Plume),1.0
2025-11-08 03:00,sdeUSD/pUSD (Plume),1.0
2025-11-08 03:00,deUSD/USDC (Ethereum),1.0
2025-11-08 03:00,xUSD/USDC (Arbitrum-2),1.0
2025-11-08 04:00,sdeUSD/USDC (Ethereum),1.0
2025-11-08 04:00,xUSD/USDC (Arbitrum),1.0
2025-11-08 04:00,xUSD/USDC (Plume),1.0
2025-11-08 04:00,sdeUSD/pUSD (Plume),1.0
2025-11-08 04:00,deUSD/USDC (Ethereum),1.0
2025-11-08 04:00,xUSD/USDC (Arbitrum-2),1.0
2025-11-08 05:00,sdeUSD/USDC (Ethereum),1.0
2025-11-08 05:00,xUSD/USDC (Arbitrum),1.0
2025-11-08 05:00,xUSD/USDC (Plume),1.0
2025-11-08 05:00,sdeUSD/pUSD (Plume),1.0
2025-11-08 05:00,deUSD/USDC (Ethereum),1.0
2025-11-08 05:00,xUSD/USDC (Arbitrum-2),1.0
2025-11-08 06:00,sdeUSD/USDC (Ethereum),1.0
2025-11-08 06:00,xUSD/USDC (Arbitrum),1.0
2025-11-08 06:00,xUSD/USDC (Plume),1.0
2025-11-08 06:00,sdeUSD/pUSD (Plume),1.0
2025-11-08 06:00,deUSD/USDC (Ethereum),1.0
2025-11-08 06:00,xUSD/USDC (Arbitrum-2),1.0
2025-11-08 07:00,sdeUSD/USDC (Ethereum),1.0
2025-11-08 07:00,xUSD/USDC (Arbitrum),1.0
2025-11-08 07:00,xUSD/USDC (Plume),1.0
2025-11-08 07:00,sdeUSD/pUSD (Plume),1.0
2025-11-08 07:00,deUSD/USDC (Ethereum),1.0
2025-11-08 07:00,xUSD/USDC (Arbitrum-2),1.0
2025-11-08 08:00,sdeUSD/USDC (Ethereum),1.0
2025-11-08 08:00,xUSD/USDC (Arbitrum),1.0
2025-11-08 08:00,xUSD/USDC (Plume),1.0
2025-11-08 08:00,sdeUSD/pUSD (Plume),1.0
2025-11-08 08:00,deUSD/USDC (Ethereum),1.0
2025-11-08 08:00,xUSD/USDC (Arbitrum-2),1.0
2025-11-08 09:00,sdeUSD/USDC (Ethereum),1.0
2025-11-08 09:00,xUSD/USDC (Arbitrum),1.0
2025-11-08 09:00,xUSD/USDC (Plume),1.0
2025-11-08 09:00,sdeUSD/pUSD (Plume),1.0
2025-11-08 09:00,deUSD/USDC (Ethereum),1.0
2025-11-08 09:00,xUSD/USDC (Arbitrum-2),1.0
2025-11-08 10:00,sdeUSD/USDC (Ethereum),1.0
2025-11-08 10:00,xUSD/USDC (Arbitrum),1.0
2025-11-08 10:00,xUSD/USDC (Plume),1.0
2025-11-08 10:00,sdeUSD/pUSD (Plume),1.0
2025-11-08 10:00,deUSD/USDC (Ethereum),1.0
2025-11-08 10:00,xUSD/USDC (Arbitrum-2),1.0
2025-11-08 11:00,sdeUSD/USDC (Ethereum),1.0
2025-11-08 11:00,xUSD/USDC (Arbitrum),1.0
2025-11-08 11:00,xUSD/USDC (Plume),1.0
2025-11-08 11:00,sdeUSD/pUSD (Plume),1.0
2025-11-08 11:00,deUSD/USDC (Ethereum),1.0
2025-11-08 11:00,xUSD/USDC (Arbitrum-2),1.0
2025-11-08 12:00,sdeUSD/USDC (Ethereum),1.0
2025-11-08 12:00,xUSD/USDC (Arbitrum),1.0
2025-11-08 12:00,xUSD/USDC (Plume),1.0
2025-11-08 12:00,sdeUSD/pUSD (Plume),1.0
2025-11-08 12:00,deUSD/USDC (Ethereum),1.0
2025-11-08 12:00,xUSD/USDC (Arbitrum-2),1.0
2025-11-08 13:00,sdeUSD/USDC (Ethereum),1.0
2025-11-08 13:00,xUSD/USDC (Arbitrum),1.0
2025-11-08 13:00,xUSD/USDC (Plume),1.0
2025-11-08 13:00,sdeUSD/pUSD (Plume),1.0
2025-11-08 13:00,deUSD/USDC (Ethereum),1.0
2025-11-08 13:00,xUSD/USDC (Arbitrum-2),1.0
2025-11-08 14:00,sdeUSD/USDC (Ethereum),1.0
2025-11-08 14:00,xUSD/USDC (Arbitrum),1.0
2025-11-08 14:00,xUSD/USDC (Plume),1.0
2025-11-08 14:00,sdeUSD/pUSD (Plume),1.0
2025-11-08 14:00,deUSD/USDC (Ethereum),1.0
2025-11-08 14:00,xUSD/USDC (Arbitrum-2),1.0
2025-11-08 15:00,sdeUSD/USDC (Ethereum),1.0
2025-11-08 15:00,xUSD/USDC (Arbitrum),1.0
2025-11-08 15:00,xUSD/USDC (Plume),1.0
2025-11-08 15:00,sdeUSD/pUSD (Plume),1.0
2025-11-08 15:00,deUSD/USDC (Ethereum),1.0
2025-11-08 15:00,xUSD/USDC (Arbitrum-2),1.0
2025-11-08 16:00,sdeUSD/USDC (Ethereum),1.0
2025-11-08 16:00,xUSD/USDC (Arbitrum),1.0
2025-11-08 16:00,xUSD/USDC (Plume),1.0
2025-11-08 16:00,sdeUSD/pUSD (Plume),1.0
2025-11-08 16:00,deUSD/USDC (Ethereum),1.0
2025-11-08 16:00,xUSD/USDC (Arbitrum-2),1.0
2025-11-08 17:00,sdeUSD/USDC (Ethereum),1.0
2025-11-08 17:00,xUSD/USDC (Arbitrum),1.0
2025-11-08 17:00,xUSD/USDC (Plume),1.0
2025-11-08 17:00,sdeUSD/pUSD (Plume),1.0
2025-11-08 17:00,deUSD/USDC (Ethereum),1.0
2025-11-08 17:00,xUSD/USDC (Arbitrum-2),1.0
2025-11-08 18:00,sdeUSD/USDC (Ethereum),1.0
2025-11-08 18:00,xUSD/USDC (Arbitrum),1.0
2025-11-08 18:00,xUSD/USDC (Plume),1.0
2025-11-08 18:00,sdeUSD/pUSD (Plume),1.0
2025-11-08 18:00,deUSD/USDC (Ethereum),1.0
2025-11-08 18:00,xUSD/USDC (Arbitrum-2),1.0
2025-11-08 19:00,sdeUSD/USDC (Ethereum),1.0
2025-11-08 19:00,xUSD/USDC (Arbitrum),1.0
2025-11-08 19:00,xUSD/USDC (Plume),1.0
2025-11-08 19:00,sdeUSD/pUSD (Plume),1.0
2025-11-08 19:00,deUSD/USDC (Ethereum),1.0
2025-11-08 19:00,xUSD/USDC (Arbitrum-2),1.0
2025-11-08 20:00,sdeUSD/USDC (Ethereum),1.0
2025-11-08 20:00,xUSD/USDC (Arbitrum),1.0
2025-11-08 20:00,xUSD/USDC (Plume),1.0
2025-11-08 20:00,sdeUSD/pUSD (Plume),1.0
2025-11-08 20:00,deUSD/USDC (Ethereum),1.0
2025-11-08 20:00,xUSD/USDC (Arbitrum-2),1.0
2025-11-08 21:00,sdeUSD/USDC (Ethereum),1.0
2025-11-08 21:00,xUSD/USDC (Arbitrum),1.0
2025-11-08 21:00,xUSD/USDC (Plume),1.0
2025-11-08 21:00,sdeUSD/pUSD (Plume),1.0
2025-11-08 21:00,deUSD/USDC (Ethereum),1.0
2025-11-08 21:00,xUSD/USDC (Arbitrum-2),1.0
2025-11-08 22:00,sdeUSD/USDC (Ethereum),1.0
2025-11-08 22:00,xUSD/USDC (Arbitrum),1.0
2025-11-08 22:00,xUSD/USDC (Plume),1.0
2025-11-08 22:00,sdeUSD/pUSD (Plume),1.0
2025-11-08 22:00,deUSD/USDC (Ethereum),1.0
2025-11-08 22:00,xUSD/USDC (Arbitrum-2),1.0
2025-11-08 23:00,sdeUSD/USDC (Ethereum),1.0
2025-11-08 23:00,xUSD/USDC (Arbitrum),1.0
2025-11-08 23:00,xUSD/USDC (Plume),1.0
2025-11-08 23:00,sdeUSD/pUSD (Plume),1.0
2025-11-08 23:00,deUSD/USDC (Ethereum),1.0
2025-11-08 23:00,xUSD/USDC (Arbitrum-2),1.0
2025-11-09 00:00,sdeUSD/USDC (Ethereum),1.0
2025-11-09 00:00,xUSD/USDC (Arbitrum),1.0
2025-11-09 00:00,xUSD/USDC (Plume),1.0
2025-11-09 00:00,sdeUSD/pUSD (Plume),1.0
2025-11-09 00:00,deUSD/USDC (Ethereum),1.0
2025-11-09 00:00,xUSD/USDC (Arbitrum-2),1.0
2025-11-09 01:00,sdeUSD/USDC (Ethereum),1.0
2025-11-09 01:00,xUSD/USDC (Arbitrum),1.0
2025-11-09 01:00,xUSD/USDC (Plume),1.0
2025-11-09 01:00,sdeUSD/pUSD (Plume),1.0
2025-11-09 01:00,deUSD/USDC (Ethereum),1.0
2025-11-09 01:00,xUSD/USDC (Arbitrum-2),1.0
2025-11-09 02:00,sdeUSD/USDC (Ethereum),1.0
2025-11-09 02:00,xUSD/USDC (Arbitrum),1.0
2025-11-09 02:00,xUSD/USDC (Plume),1.0
2025-11-09 02:00,sdeUSD/pUSD (Plume),1.0
2025-11-09 02:00,deUSD/USDC (Ethereum),1.0
2025-11-09 02:00,xUSD/USDC (Arbitrum-2),1.0
2025-11-09 03:00,sdeUSD/USDC (Ethereum),1.0
2025-11-09 03:00,xUSD/USDC (Arbitrum),1.0
2025-11-09 03:00,xUSD/USDC (Plume),1.0
2025-11-09 03:00,sdeUSD/pUSD (Plume),1.0
2025-11-09 03:00,deUSD/USDC (Ethereum),1.0
2025-11-09 03:00,xUSD/USDC (Arbitrum-2),1.0
2025-11-09 04:00,sdeUSD/USDC (Ethereum),1.0
2025-11-09 04:00,xUSD/USDC (Arbitrum),1.0
2025-11-09 04:00,xUSD/USDC (Plume),1.0
2025-11-09 04:00,sdeUSD/pUSD (Plume),1.0
2025-11-09 04:00,deUSD/USDC (Ethereum),1.0
2025-11-09 04:00,xUSD/USDC (Arbitrum-2),1.0
2025-11-09 05:00,sdeUSD/USDC (Ethereum),1.0
2025-11-09 05:00,xUSD/USDC (Arbitrum),1.0
2025-11-09 05:00,xUSD/USDC (Plume),1.0
2025-11-09 05:00,sdeUSD/pUSD (Plume),1.0
2025-11-09 05:00,deUSD/USDC (Ethereum),1.0
2025-11-09 05:00,xUSD/USDC (Arbitrum-2),1.0
2025-11-09 06:00,sdeUSD/USDC (Ethereum),1.0
2025-11-09 06:00,xUSD/USDC (Arbitrum),1.0
2025-11-09 06:00,xUSD/USDC (Plume),1.0
2025-11-09 06:00,sdeUSD/pUSD (Plume),1.0
2025-11-09 06:00,deUSD/USDC (Ethereum),1.0
2025-11-09 06:00,xUSD/USDC (Arbitrum-2),1.0
2025-11-09 07:00,sdeUSD/USDC (Ethereum),1.0
2025-11-09 07:00,xUSD/USDC (Arbitrum),1.0
2025-11-09 07:00,xUSD/USDC (Plume),1.0
2025-11-09 07:00,sdeUSD/pUSD (Plume),1.0
2025-11-09 07:00,deUSD/USDC (Ethereum),1.0
2025-11-09 07:00,xUSD/USDC (Arbitrum-2),1.0
2025-11-09 08:00,sdeUSD/USDC (Ethereum),1.0
2025-11-09 08:00,xUSD/USDC (Arbitrum),1.0
2025-11-09 08:00,xUSD/USDC (Plume),1.0
2025-11-09 08:00,sdeUSD/pUSD (Plume),1.0
2025-11-09 08:00,deUSD/USDC (Ethereum),1.0
2025-11-09 08:00,xUSD/USDC (Arbitrum-2),1.0
2025-11-09 09:00,sdeUSD/USDC (Ethereum),1.0
2025-11-09 09:00,xUSD/USDC (Arbitrum),1.0
2025-11-09 09:00,xUSD/USDC (Plume),1.0
2025-11-09 09:00,sdeUSD/pUSD (Plume),1.0
2025-11-09 09:00,deUSD/USDC (Ethereum),1.0
2025-11-09 09:00,xUSD/USDC (Arbitrum-2),1.0
2025-11-09 10:00,sdeUSD/USDC (Ethereum),1.0
2025-11-09 10:00,xUSD/USDC (Arbitrum),1.0
2025-11-09 10:00,xUSD/USDC (Plume),1.0
2025-11-09 10:00,sdeUSD/pUSD (Plume),1.0
2025-11-09 10:00,deUSD/USDC (Ethereum),1.0
2025-11-09 10:00,xUSD/USDC (Arbitrum-2),1.0
2025-11-09 11:00,sdeUSD/USDC (Ethereum),1.0
2025-11-09 11:00,xUSD/USDC (Arbitrum),1.0
2025-11-09 11:00,xUSD/USDC (Plume),1.0
2025-11-09 11:00,sdeUSD/pUSD (Plume),1.0
2025-11-09 11:00,deUSD/USDC (Ethereum),1.0
2025-11-09 11:00,xUSD/USDC (Arbitrum-2),1.0
2025-11-09 12:00,sdeUSD/USDC (Ethereum),1.0
2025-11-09 12:00,xUSD/USDC (Arbitrum),1.0
2025-11-09 12:00,xUSD/USDC (Plume),1.0
2025-11-09 12:00,sdeUSD/pUSD (Plume),1.0
2025-11-09 12:00,deUSD/USDC (Ethereum),1.0
2025-11-09 12:00,xUSD/USDC (Arbitrum-2),1.0
2025-11-09 13:00,sdeUSD/USDC (Ethereum),1.0
2025-11-09 13:00,xUSD/USDC (Arbitrum),1.0
2025-11-09 13:00,xUSD/USDC (Plume),1.0
2025-11-09 13:00,sdeUSD/pUSD (Plume),1.0
2025-11-09 13:00,deUSD/USDC (Ethereum),1.0
2025-11-09 13:00,xUSD/USDC (Arbitrum-2),1.0
2025-11-09 14:00,sdeUSD/USDC (Ethereum),1.0
2025-11-09 14:00,xUSD/USDC (Arbitrum),1.0
2025-11-09 14:00,xUSD/USDC (Plume),1.0
2025-11-09 14:00,sdeUSD/pUSD (Plume),1.0
2025-11-09 14:00,deUSD/USDC (Ethereum),1.0
2025-11-09 14:00,xUSD/USDC (Arbitrum-2),1.0
2025-11-09 15:00,sdeUSD/USDC (Ethereum),1.0
2025-11-09 15:00,xUSD/USDC (Arbitrum),1.0
2025-11-09 15:00,xUSD/USDC (Plume),1.0
2025-11-09 15:00,sdeUSD/pUSD (Plume),1.0
2025-11-09 15:00,deUSD/USDC (Ethereum),1.0
2025-11-09 15:00,xUSD/USDC (Arbitrum-2),1.0
2025-11-09 16:00,sdeUSD/USDC (Ethereum),1.0
2025-11-09 16:00,xUSD/USDC (Arbitrum),1.0
2025-11-09 16:00,xUSD/USDC (Plume),1.0
2025-11-09 16:00,sdeUSD/pUSD (Plume),1.0
2025-11-09 16:00,deUSD/USDC (Ethereum),1.0
2025-11-09 16:00,xUSD/USDC (Arbitrum-2),1.0
2025-11-09 17:00,sdeUSD/USDC (Ethereum),1.0
2025-11-09 17:00,xUSD/USDC (Arbitrum),1.0
2025-11-09 17:00,xUSD/USDC (Plume),1.0
2025-11-09 17:00,sdeUSD/pUSD (Plume),1.0
2025-11-09 17:00,deUSD/USDC (Ethereum),1.0
2025-11-09 17:00,xUSD/USDC (Arbitrum-2),1.0
2025-11-09 18:00,sdeUSD/USDC (Ethereum),1.0
2025-11-09 18:00,xUSD/USDC (Arbitrum),1.0
2025-11-09 18:00,xUSD/USDC (Plume),1.0
2025-11-09 18:00,sdeUSD/pUSD (Plume),1.0
2025-11-09 18:00,deUSD/USDC (Ethereum),1.0
2025-11-09 18:00,xUSD/USDC (Arbitrum-2),1.0
2025-11-09 19:00,sdeUSD/USDC (Ethereum),1.0
2025-11-09 19:00,xUSD/USDC (Arbitrum),1.0
2025-11-09 19:00,xUSD/USDC (Plume),1.0
2025-11-09 19:00,sdeUSD/pUSD (Plume),1.0
2025-11-09 19:00,deUSD/USDC (Ethereum),1.0
2025-11-09 19:00,xUSD/USDC (Arbitrum-2),1.0
2025-11-09 20:00,sdeUSD/USDC (Ethereum),1.0
2025-11-09 20:00,xUSD/USDC (Arbitrum),1.0
2025-11-09 20:00,xUSD/USDC (Plume),1.0
2025-11-09 20:00,sdeUSD/pUSD (Plume),1.0
2025-11-09 20:00,deUSD/USDC (Ethereum),1.0
2025-11-09 20:00,xUSD/USDC (Arbitrum-2),1.0
2025-11-09 21:00,sdeUSD/USDC (Ethereum),1.0
2025-11-09 21:00,xUSD/USDC (Arbitrum),1.0
2025-11-09 21:00,xUSD/USDC (Plume),1.0
2025-11-09 21:00,sdeUSD/pUSD (Plume),1.0
2025-11-09 21:00,deUSD/USDC (Ethereum),1.0
2025-11-09 21:00,xUSD/USDC (Arbitrum-2),1.0
2025-11-09 22:00,sdeUSD/USDC (Ethereum),1.0
2025-11-09 22:00,xUSD/USDC (Arbitrum),1.0
2025-11-09 22:00,xUSD/USDC (Plume),1.0
2025-11-09 22:00,sdeUSD/pUSD (Plume),1.0
2025-11-09 22:00,deUSD/USDC (Ethereum),1.0
2025-11-09 22:00,xUSD/USDC (Arbitrum-2),1.0
2025-11-09 23:00,sdeUSD/USDC (Ethereum),1.0
2025-11-09 23:00,xUSD/USDC (Arbitrum),1.0
2025-11-09 23:00,xUSD/USDC (Plume),1.0
2025-11-09 23:00,sdeUSD/pUSD (Plume),1.0
2025-11-09 23:00,deUSD/USDC (Ethereum),1.0
2025-11-09 23:00,xUSD/USDC (Arbitrum-2),1.0
2025-11-10 00:00,sdeUSD/USDC (Ethereum),1.0
2025-11-10 00:00,xUSD/USDC (Arbitrum),1.0
2025-11-10 00:00,xUSD/USDC (Plume),1.0
2025-11-10 00:00,sdeUSD/pUSD (Plume),1.0
2025-11-10 00:00,deUSD/USDC (Ethereum),1.0
2025-11-10 00:00,xUSD/USDC (Arbitrum-2),1.0
2025-11-10 01:00,sdeUSD/USDC (Ethereum),1.0
2025-11-10 01:00,xUSD/USDC (Arbitrum),1.0
2025-11-10 01:00,xUSD/USDC (Plume),1.0
2025-11-10 01:00,sdeUSD/pUSD (Plume),1.0
2025-11-10 01:00,deUSD/USDC (Ethereum),1.0
2025-11-10 01:00,xUSD/USDC (Arbitrum-2),1.0
2025-11-10 02:00,sdeUSD/USDC (Ethereum),1.0
2025-11-10 02:00,xUSD/USDC (Arbitrum),1.0
2025-11-10 02:00,xUSD/USDC (Plume),1.0
2025-11-10 02:00,sdeUSD/pUSD (Plume),1.0
2025-11-10 02:00,deUSD/USDC (Ethereum),1.0
2025-11-10 02:00,xUSD/USDC (Arbitrum-2),1.0
2025-11-10 03:00,sdeUSD/USDC (Ethereum),1.0
2025-11-10 03:00,xUSD/USDC (Arbitrum),1.0
2025-11-10 03:00,xUSD/USDC (Plume),1.0
2025-11-10 03:00,sdeUSD/pUSD (Plume),1.0
2025-11-10 03:00,deUSD/USDC (Ethereum),1.0
2025-11-10 03:00,xUSD/USDC (Arbitrum-2),1.0
2025-11-10 04:00,sdeUSD/USDC (Ethereum),1.0
2025-11-10 04:00,xUSD/USDC (Arbitrum),1.0
2025-11-10 04:00,xUSD/USDC (Plume),1.0
2025-11-10 04:00,sdeUSD/pUSD (Plume),1.0
2025-11-10 04:00,deUSD/USDC (Ethereum),1.0
2025-11-10 04:00,xUSD/USDC (Arbitrum-2),1.0
2025-11-10 05:00,sdeUSD/USDC (Ethereum),1.0
2025-11-10 05:00,xUSD/USDC (Arbitrum),1.0
2025-11-10 05:00,xUSD/USDC (Plume),1.0
2025-11-10 05:00,sdeUSD/pUSD (Plume),1.0
2025-11-10 05:00,deUSD/USDC (Ethereum),1.0
2025-11-10 05:00,xUSD/USDC (Arbitrum-2),1.0
2025-11-10 06:00,sdeUSD/USDC (Ethereum),1.0
2025-11-10 06:00,xUSD/USDC (Arbitrum),1.0
2025-11-10 06:00,xUSD/USDC (Plume),1.0
2025-11-10 06:00,sdeUSD/pUSD (Plume),1.0
2025-11-10 06:00,deUSD/USDC (Ethereum),1.0
2025-11-10 06:00,xUSD/USDC (Arbitrum-2),1.0
2025-11-10 07:00,sdeUSD/USDC (Ethereum),1.0
2025-11-10 07:00,xUSD/USDC (Arbitrum),1.0
2025-11-10 07:00,xUSD/USDC (Plume),1.0
2025-11-10 07:00,sdeUSD/pUSD (Plume),1.0
2025-11-10 07:00,deUSD/USDC (Ethereum),1.0
2025-11-10 07:00,xUSD/USDC (Arbitrum-2),1.0
2025-11-10 08:00,sdeUSD/USDC (Ethereum),1.0
2025-11-10 08:00,xUSD/USDC (Arbitrum),1.0
2025-11-10 08:00,xUSD/USDC (Plume),1.0
2025-11-10 08:00,sdeUSD/pUSD (Plume),1.0
2025-11-10 08:00,deUSD/USDC (Ethereum),1.0
2025-11-10 08:00,xUSD/USDC (Arbitrum-2),1.0
2025-11-10 09:00,sdeUSD/USDC (Ethereum),1.0
2025-11-10 09:00,xUSD/USDC (Arbitrum),1.0
2025-11-10 09:00,xUSD/USDC (Plume),1.0
2025-11-10 09:00,sdeUSD/pUSD (Plume),1.0
2025-11-10 09:00,deUSD/USDC (Ethereum),1.0
2025-11-10 09:00,xUSD/USDC (Arbitrum-2),1.0
2025-11-10 10:00,sdeUSD/USDC (Ethereum),1.0
2025-11-10 10:00,xUSD/USDC (Arbitrum),1.0
2025-11-10 10:00,xUSD/USDC (Plume),1.0
2025-11-10 10:00,sdeUSD/pUSD (Plume),1.0
2025-11-10 10:00,deUSD/USDC (Ethereum),1.0
2025-11-10 10:00,xUSD/USDC (Arbitrum-2),1.0
2025-11-10 11:00,sdeUSD/USDC (Ethereum),1.0
2025-11-10 11:00,xUSD/USDC (Arbitrum),1.0
2025-11-10 11:00,xUSD/USDC (Plume),1.0
2025-11-10 11:00,sdeUSD/pUSD (Plume),1.0
2025-11-10 11:00,deUSD/USDC (Ethereum),1.0
2025-11-10 11:00,xUSD/USDC (Arbitrum-2),1.0
2025-11-10 12:00,sdeUSD/USDC (Ethereum),1.0
2025-11-10 12:00,xUSD/USDC (Arbitrum),1.0
2025-11-10 12:00,xUSD/USDC (Plume),1.0
2025-11-10 12:00,sdeUSD/pUSD (Plume),1.0
2025-11-10 12:00,deUSD/USDC (Ethereum),1.0
2025-11-10 12:00,xUSD/USDC (Arbitrum-2),1.0
2025-11-10 13:00,sdeUSD/USDC (Ethereum),1.0
2025-11-10 13:00,xUSD/USDC (Arbitrum),1.0
2025-11-10 13:00,xUSD/USDC (Plume),1.0
2025-11-10 13:00,sdeUSD/pUSD (Plume),1.0
2025-11-10 13:00,deUSD/USDC (Ethereum),1.0
2025-11-10 13:00,xUSD/USDC (Arbitrum-2),1.0
2025-11-10 14:00,sdeUSD/USDC (Ethereum),1.0
2025-11-10 14:00,xUSD/USDC (Arbitrum),1.0
2025-11-10 14:00,xUSD/USDC (Plume),1.0
2025-11-10 14:00,sdeUSD/pUSD (Plume),1.0
2025-11-10 14:00,deUSD/USDC (Ethereum),1.0
2025-11-10 14:00,xUSD/USDC (Arbitrum-2),1.0
2025-11-10 15:00,sdeUSD/USDC (Ethereum),1.0
2025-11-10 15:00,xUSD/USDC (Arbitrum),1.0
2025-11-10 15:00,xUSD/USDC (Plume),1.0
2025-11-10 15:00,sdeUSD/pUSD (Plume),1.0
2025-11-10 15:00,deUSD/USDC (Ethereum),1.0
2025-11-10 15:00,xUSD/USDC (Arbitrum-2),1.0
2025-11-10 16:00,sdeUSD/USDC (Ethereum),1.0
2025-11-10 16:00,xUSD/USDC (Arbitrum),1.0
2025-11-10 16:00,xUSD/USDC (Plume),1.0
2025-11-10 16:00,sdeUSD/pUSD (Plume),1.0
2025-11-10 16:00,deUSD/USDC (Ethereum),1.0
2025-11-10 16:00,xUSD/USDC (Arbitrum-2),1.0
2025-11-10 17:00,sdeUSD/USDC (Ethereum),1.0
2025-11-10 17:00,xUSD/USDC (Arbitrum),1.0
2025-11-10 17:00,xUSD/USDC (Plume),1.0
2025-11-10 17:00,sdeUSD/pUSD (Plume),1.0
2025-11-10 17:00,deUSD/USDC (Ethereum),1.0
2025-11-10 17:00,xUSD/USDC (Arbitrum-2),1.0
2025-11-10 18:00,sdeUSD/USDC (Ethereum),1.0
2025-11-10 18:00,xUSD/USDC (Arbitrum),1.0
2025-11-10 18:00,xUSD/USDC (Plume),1.0
2025-11-10 18:00,sdeUSD/pUSD (Plume),1.0
2025-11-10 18:00,deUSD/USDC (Ethereum),1.0
2025-11-10 18:00,xUSD/USDC (Arbitrum-2),1.0
2025-11-10 19:00,sdeUSD/USDC (Ethereum),1.0
2025-11-10 19:00,xUSD/USDC (Arbitrum),1.0
2025-11-10 19:00,xUSD/USDC (Plume),1.0
2025-11-10 19:00,sdeUSD/pUSD (Plume),1.0
2025-11-10 19:00,deUSD/USDC (Ethereum),1.0
2025-11-10 19:00,xUSD/USDC (Arbitrum-2),1.0
2025-11-10 20:00,sdeUSD/USDC (Ethereum),1.0
2025-11-10 20:00,xUSD/USDC (Arbitrum),1.0
2025-11-10 20:00,xUSD/USDC (Plume),1.0
2025-11-10 20:00,sdeUSD/pUSD (Plume),1.0
2025-11-10 20:00,deUSD/USDC (Ethereum),1.0
2025-11-10 20:00,xUSD/USDC (Arbitrum-2),1.0
2025-11-10 21:00,sdeUSD/USDC (Ethereum),1.0
2025-11-10 21:00,xUSD/USDC (Arbitrum),1.0
2025-11-10 21:00,xUSD/USDC (Plume),1.0
2025-11-10 21:00,sdeUSD/pUSD (Plume),1.0
2025-11-10 21:00,deUSD/USDC (Ethereum),1.0
2025-11-10 21:00,xUSD/USDC (Arbitrum-2),1.0
2025-11-10 22:00,sdeUSD/USDC (Ethereum),1.0
2025-11-10 22:00,xUSD/USDC (Arbitrum),1.0
2025-11-10 22:00,xUSD/USDC (Plume),1.0
2025-11-10 22:00,sdeUSD/pUSD (Plume),1.0
2025-11-10 22:00,deUSD/USDC (Ethereum),1.0
2025-11-10 22:00,xUSD/USDC (Arbitrum-2),1.0
2025-11-10 23:00,sdeUSD/USDC (Ethereum),1.0
2025-11-10 23:00,xUSD/USDC (Arbitrum),1.0
2025-11-10 23:00,xUSD/USDC (Plume),1.0
2025-11-10 23:00,sdeUSD/pUSD (Plume),1.0
2025-11-10 23:00,deUSD/USDC (Ethereum),1.0
2025-11-10 23:00,xUSD/USDC (Arbitrum-2),1.0
2025-11-11 00:00,sdeUSD/USDC (Ethereum),1.0
2025-11-11 00:00,xUSD/USDC (Arbitrum),1.0
2025-11-11 00:00,xUSD/USDC (Plume),1.0
2025-11-11 00:00,sdeUSD/pUSD (Plume),1.0
2025-11-11 00:00,deUSD/USDC (Ethereum),1.0
2025-11-11 00:00,xUSD/USDC (Arbitrum-2),1.0
2025-11-11 01:00,sdeUSD/USDC (Ethereum),1.0
2025-11-11 01:00,xUSD/USDC (Arbitrum),1.0
2025-11-11 01:00,xUSD/USDC (Plume),1.0
2025-11-11 01:00,sdeUSD/pUSD (Plume),1.0
2025-11-11 01:00,deUSD/USDC (Ethereum),1.0
2025-11-11 01:00,xUSD/USDC (Arbitrum-2),1.0
2025-11-11 02:00,sdeUSD/USDC (Ethereum),1.0
2025-11-11 02:00,xUSD/USDC (Arbitrum),1.0
2025-11-11 02:00,xUSD/USDC (Plume),1.0
2025-11-11 02:00,sdeUSD/pUSD (Plume),1.0
2025-11-11 02:00,deUSD/USDC (Ethereum),1.0
2025-11-11 02:00,xUSD/USDC (Arbitrum-2),1.0
2025-11-11 03:00,sdeUSD/USDC (Ethereum),1.0
2025-11-11 03:00,xUSD/USDC (Arbitrum),1.0
2025-11-11 03:00,xUSD/USDC (Plume),1.0
2025-11-11 03:00,sdeUSD/pUSD (Plume),1.0
2025-11-11 03:00,deUSD/USDC (Ethereum),1.0
2025-11-11 03:00,xUSD/USDC (Arbitrum-2),1.0
2025-11-11 04:00,sdeUSD/USDC (Ethereum),1.0
2025-11-11 04:00,xUSD/USDC (Arbitrum),1.0
2025-11-11 04:00,xUSD/USDC (Plume),1.0
2025-11-11 04:00,sdeUSD/pUSD (Plume),1.0
2025-11-11 04:00,deUSD/USDC (Ethereum),1.0
2025-11-11 04:00,xUSD/USDC (Arbitrum-2),1.0
2025-11-11 05:00,sdeUSD/USDC (Ethereum),1.0
2025-11-11 05:00,xUSD/USDC (Arbitrum),1.0
2025-11-11 05:00,xUSD/USDC (Plume),1.0
2025-11-11 05:00,sdeUSD/pUSD (Plume),1.0
2025-11-11 05:00,deUSD/USDC (Ethereum),1.0
2025-11-11 05:00,xUSD/USDC (Arbitrum-2),1.0
2025-11-11 06:00,sdeUSD/USDC (Ethereum),1.0
2025-11-11 06:00,xUSD/USDC (Arbitrum),1.0
2025-11-11 06:00,xUSD/USDC (Plume),1.0
2025-11-11 06:00,sdeUSD/pUSD (Plume),1.0
2025-11-11 06:00,deUSD/USDC (Ethereum),1.0
2025-11-11 06:00,xUSD/USDC (Arbitrum-2),1.0
2025-11-11 07:00,sdeUSD/USDC (Ethereum),1.0
2025-11-11 07:00,xUSD/USDC (Arbitrum),1.0
2025-11-11 07:00,xUSD/USDC (Plume),1.0
2025-11-11 07:00,sdeUSD/pUSD (Plume),1.0
2025-11-11 07:00,deUSD/USDC (Ethereum),1.0
2025-11-11 07:00,xUSD/USDC (Arbitrum-2),1.0
2025-11-11 08:00,sdeUSD/USDC (Ethereum),1.0
2025-11-11 08:00,xUSD/USDC (Arbitrum),1.0
2025-11-11 08:00,xUSD/USDC (Plume),1.0
2025-11-11 08:00,sdeUSD/pUSD (Plume),1.0
2025-11-11 08:00,deUSD/USDC (Ethereum),1.0
2025-11-11 08:00,xUSD/USDC (Arbitrum-2),1.0
2025-11-11 09:00,sdeUSD/USDC (Ethereum),1.0
2025-11-11 09:00,xUSD/USDC (Arbitrum),1.0
2025-11-11 09:00,xUSD/USDC (Plume),1.0
2025-11-11 09:00,sdeUSD/pUSD (Plume),1.0
2025-11-11 09:00,deUSD/USDC (Ethereum),1.0
2025-11-11 09:00,xUSD/USDC (Arbitrum-2),1.0
2025-11-11 10:00,sdeUSD/USDC (Ethereum),1.0
2025-11-11 10:00,xUSD/USDC (Arbitrum),1.0
2025-11-11 10:00,xUSD/USDC (Plume),1.0
2025-11-11 10:00,sdeUSD/pUSD (Plume),1.0
2025-11-11 10:00,deUSD/USDC (Ethereum),1.0
2025-11-11 10:00,xUSD/USDC (Arbitrum-2),1.0
2025-11-11 11:00,sdeUSD/USDC (Ethereum),1.0
2025-11-11 11:00,xUSD/USDC (Arbitrum),1.0
2025-11-11 11:00,xUSD/USDC (Plume),1.0
2025-11-11 11:00,sdeUSD/pUSD (Plume),1.0
2025-11-11 11:00,deUSD/USDC (Ethereum),1.0
2025-11-11 11:00,xUSD/USDC (Arbitrum-2),1.0
2025-11-11 12:00,sdeUSD/USDC (Ethereum),1.0
2025-11-11 12:00,xUSD/USDC (Arbitrum),1.0
2025-11-11 12:00,xUSD/USDC (Plume),1.0
2025-11-11 12:00,sdeUSD/pUSD (Plume),1.0
2025-11-11 12:00,deUSD/USDC (Ethereum),1.0
2025-11-11 12:00,xUSD/USDC (Arbitrum-2),1.0
2025-11-11 13:00,sdeUSD/USDC (Ethereum),1.0
2025-11-11 13:00,xUSD/USDC (Arbitrum),1.0
2025-11-11 13:00,xUSD/USDC (Plume),1.0
2025-11-11 13:00,sdeUSD/pUSD (Plume),1.0
2025-11-11 13:00,deUSD/USDC (Ethereum),1.0
2025-11-11 13:00,xUSD/USDC (Arbitrum-2),1.0
2025-11-11 14:00,sdeUSD/USDC (Ethereum),1.0
2025-11-11 14:00,xUSD/USDC (Arbitrum),1.0
2025-11-11 14:00,xUSD/USDC (Plume),1.0
2025-11-11 14:00,sdeUSD/pUSD (Plume),1.0
2025-11-11 14:00,deUSD/USDC (Ethereum),1.0
2025-11-11 14:00,xUSD/USDC (Arbitrum-2),1.0
2025-11-11 15:00,sdeUSD/USDC (Ethereum),1.0
2025-11-11 15:00,xUSD/USDC (Arbitrum),1.0
2025-11-11 15:00,xUSD/USDC (Plume),1.0
2025-11-11 15:00,sdeUSD/pUSD (Plume),1.0
2025-11-11 15:00,deUSD/USDC (Ethereum),1.0
2025-11-11 15:00,xUSD/USDC (Arbitrum-2),1.0
2025-11-11 16:00,sdeUSD/USDC (Ethereum),1.0
2025-11-11 16:00,xUSD/USDC (Arbitrum),1.0
2025-11-11 16:00,xUSD/USDC (Plume),1.0
2025-11-11 16:00,sdeUSD/pUSD (Plume),1.0
2025-11-11 16:00,deUSD/USDC (Ethereum),1.0
2025-11-11 16:00,xUSD/USDC (Arbitrum-2),1.0
2025-11-11 17:00,sdeUSD/USDC (Ethereum),1.0
2025-11-11 17:00,xUSD/USDC (Arbitrum),1.0
2025-11-11 17:00,xUSD/USDC (Plume),1.0
2025-11-11 17:00,sdeUSD/pUSD (Plume),1.0
2025-11-11 17:00,deUSD/USDC (Ethereum),1.0
2025-11-11 17:00,xUSD/USDC (Arbitrum-2),1.0
2025-11-11 18:00,sdeUSD/USDC (Ethereum),1.0
2025-11-11 18:00,xUSD/USDC (Arbitrum),1.0
2025-11-11 18:00,xUSD/USDC (Plume),1.0
2025-11-11 18:00,sdeUSD/pUSD (Plume),1.0
2025-11-11 18:00,deUSD/USDC (Ethereum),1.0
2025-11-11 18:00,xUSD/USDC (Arbitrum-2),1.0
2025-11-11 19:00,sdeUSD/USDC (Ethereum),1.0
2025-11-11 19:00,xUSD/USDC (Arbitrum),1.0
2025-11-11 19:00,xUSD/USDC (Plume),1.0
2025-11-11 19:00,sdeUSD/pUSD (Plume),1.0
2025-11-11 19:00,deUSD/USDC (Ethereum),1.0
2025-11-11 19:00,xUSD/USDC (Arbitrum-2),1.0
2025-11-11 20:00,sdeUSD/USDC (Ethereum),1.0
2025-11-11 20:00,xUSD/USDC (Arbitrum),1.0
2025-11-11 20:00,xUSD/USDC (Plume),1.0
2025-11-11 20:00,sdeUSD/pUSD (Plume),1.0
2025-11-11 20:00,deUSD/USDC (Ethereum),1.0
2025-11-11 20:00,xUSD/USDC (Arbitrum-2),1.0
2025-11-11 21:00,sdeUSD/USDC (Ethereum),1.0
2025-11-11 21:00,xUSD/USDC (Arbitrum),1.0
2025-11-11 21:00,xUSD/USDC (Plume),1.0
2025-11-11 21:00,sdeUSD/pUSD (Plume),1.0
2025-11-11 21:00,deUSD/USDC (Ethereum),1.0
2025-11-11 21:00,xUSD/USDC (Arbitrum-2),1.0
2025-11-11 22:00,sdeUSD/USDC (Ethereum),1.0
2025-11-11 22:00,xUSD/USDC (Arbitrum),1.0
2025-11-11 22:00,xUSD/USDC (Plume),1.0
2025-11-11 22:00,sdeUSD/pUSD (Plume),1.0
2025-11-11 22:00,deUSD/USDC (Ethereum),1.0
2025-11-11 22:00,xUSD/USDC (Arbitrum-2),1.0
2025-11-11 23:00,sdeUSD/USDC (Ethereum),1.0
2025-11-11 23:00,xUSD/USDC (Arbitrum),1.0
2025-11-11 23:00,xUSD/USDC (Plume),1.0
2025-11-11 23:00,sdeUSD/pUSD (Plume),1.0
2025-11-11 23:00,deUSD/USDC (Ethereum),1.0
2025-11-11 23:00,xUSD/USDC (Arbitrum-2),1.0
2025-11-12 00:00,sdeUSD/USDC (Ethereum),1.0
2025-11-12 00:00,xUSD/USDC (Arbitrum),1.0
2025-11-12 00:00,xUSD/USDC (Plume),1.0
2025-11-12 00:00,sdeUSD/pUSD (Plume),1.0
2025-11-12 00:00,deUSD/USDC (Ethereum),1.0
2025-11-12 00:00,xUSD/USDC (Arbitrum-2),1.0
2025-11-12 01:00,sdeUSD/USDC (Ethereum),1.0
2025-11-12 01:00,xUSD/USDC (Arbitrum),1.0
2025-11-12 01:00,xUSD/USDC (Plume),1.0
2025-11-12 01:00,sdeUSD/pUSD (Plume),1.0
2025-11-12 01:00,deUSD/USDC (Ethereum),1.0
2025-11-12 01:00,xUSD/USDC (Arbitrum-2),1.0
2025-11-12 02:00,sdeUSD/USDC (Ethereum),1.0
2025-11-12 02:00,xUSD/USDC (Arbitrum),1.0
2025-11-12 02:00,xUSD/USDC (Plume),1.0
2025-11-12 02:00,sdeUSD/pUSD (Plume),1.0
2025-11-12 02:00,deUSD/USDC (Ethereum),1.0
2025-11-12 02:00,xUSD/USDC (Arbitrum-2),1.0
2025-11-12 03:00,sdeUSD/USDC (Ethereum),1.0
2025-11-12 03:00,xUSD/USDC (Arbitrum),1.0
2025-11-12 03:00,xUSD/USDC (Plume),1.0
2025-11-12 03:00,sdeUSD/pUSD (Plume),1.0
2025-11-12 03:00,deUSD/USDC (Ethereum),1.0
2025-11-12 03:00,xUSD/USDC (Arbitrum-2),1.0
2025-11-12 04:00,sdeUSD/USDC (Ethereum),1.0
2025-11-12 04:00,xUSD/USDC (Arbitrum),1.0
2025-11-12 04:00,xUSD/USDC (Plume),1.0
2025-11-12 04:00,sdeUSD/pUSD (Plume),1.0
2025-11-12 04:00,deUSD/USDC (Ethereum),1.0
2025-11-12 04:00,xUSD/USDC (Arbitrum-2),1.0
2025-11-12 05:00,sdeUSD/USDC (Ethereum),1.0
2025-11-12 05:00,xUSD/USDC (Arbitrum),1.0
2025-11-12 05:00,xUSD/USDC (Plume),1.0
2025-11-12 05:00,sdeUSD/pUSD (Plume),1.0
2025-11-12 05:00,deUSD/USDC (Ethereum),1.0
2025-11-12 05:00,xUSD/USDC (Arbitrum-2),1.0
2025-11-12 06:00,sdeUSD/USDC (Ethereum),1.0
2025-11-12 06:00,xUSD/USDC (Arbitrum),1.0
2025-11-12 06:00,xUSD/USDC (Plume),1.0
2025-11-12 06:00,sdeUSD/pUSD (Plume),1.0
2025-11-12 06:00,deUSD/USDC (Ethereum),1.0
2025-11-12 06:00,xUSD/USDC (Arbitrum-2),1.0
2025-11-12 07:00,sdeUSD/USDC (Ethereum),1.0
2025-11-12 07:00,xUSD/USDC (Arbitrum),1.0
2025-11-12 07:00,xUSD/USDC (Plume),1.0
2025-11-12 07:00,sdeUSD/pUSD (Plume),1.0
2025-11-12 07:00,deUSD/USDC (Ethereum),1.0
2025-11-12 07:00,xUSD/USDC (Arbitrum-2),1.0
2025-11-12 08:00,sdeUSD/USDC (Ethereum),1.0
2025-11-12 08:00,xUSD/USDC (Arbitrum),1.0
2025-11-12 08:00,xUSD/USDC (Plume),1.0
2025-11-12 08:00,sdeUSD/pUSD (Plume),1.0
2025-11-12 08:00,deUSD/USDC (Ethereum),1.0
2025-11-12 08:00,xUSD/USDC (Arbitrum-2),1.0
2025-11-12 09:00,sdeUSD/USDC (Ethereum),1.0
2025-11-12 09:00,xUSD/USDC (Arbitrum),1.0
2025-11-12 09:00,xUSD/USDC (Plume),1.0
2025-11-12 09:00,sdeUSD/pUSD (Plume),1.0
2025-11-12 09:00,deUSD/USDC (Ethereum),0.999
2025-11-12 09:00,xUSD/USDC (Arbitrum-2),1.0
2025-11-12 10:00,sdeUSD/USDC (Ethereum),1.0
2025-11-12 10:00,xUSD/USDC (Arbitrum),1.0
2025-11-12 10:00,xUSD/USDC (Plume),1.0
2025-11-12 10:00,sdeUSD/pUSD (Plume),1.0
2025-11-12 10:00,deUSD/USDC (Ethereum),0.998
2025-11-12 10:00,xUSD/USDC (Arbitrum-2),1.0
2025-11-12 11:00,sdeUSD/USDC (Ethereum),1.0
2025-11-12 11:00,xUSD/USDC (Arbitrum),1.0
2025-11-12 11:00,xUSD/USDC (Plume),1.0
2025-11-12 11:00,sdeUSD/pUSD (Plume),1.0
2025-11-12 11:00,deUSD/USDC (Ethereum),0.997
2025-11-12 11:00,xUSD/USDC (Arbitrum-2),1.0
2025-11-12 12:00,sdeUSD/USDC (Ethereum),1.0
2025-11-12 12:00,xUSD/USDC (Arbitrum),1.0
2025-11-12 12:00,xUSD/USDC (Plume),1.0
2025-11-12 12:00,sdeUSD/pUSD (Plume),1.0
2025-11-12 12:00,deUSD/USDC (Ethereum),0.996
2025-11-12 12:00,xUSD/USDC (Arbitrum-2),1.0
2025-11-12 13:00,sdeUSD/USDC (Ethereum),1.0
2025-11-12 13:00,xUSD/USDC (Arbitrum),1.0
2025-11-12 13:00,xUSD/USDC (Plume),1.0
2025-11-12 13:00,sdeUSD/pUSD (Plume),1.0
2025-11-12 13:00,deUSD/USDC (Ethereum),0.995
2025-11-12 13:00,xUSD/USDC (Arbitrum-2),1.0
2025-11-12 14:00,sdeUSD/USDC (Ethereum),1.0
2025-11-12 14:00,xUSD/USDC (Arbitrum),1.0
2025-11-12 14:00,xUSD/USDC (Plume),1.0
2025-11-12 14:00,sdeUSD/pUSD (Plume),1.0
2025-11-12 14:00,deUSD/USDC (Ethereum),0.994
2025-11-12 14:00,xUSD/USDC (Arbitrum-2),1.0
2025-11-12 15:00,sdeUSD/USDC (Ethereum),1.0
2025-11-12 15:00,xUSD/USDC (Arbitrum),1.0
2025-11-12 15:00,xUSD/USDC (Plume),1.0
2025-11-12 15:00,sdeUSD/pUSD (Plume),1.0
2025-11-12 15:00,deUSD/USDC (Ethereum),0.993
2025-11-12 15:00,xUSD/USDC (Arbitrum-2),1.0
2025-11-12 16:00,sdeUSD/USDC (Ethereum),1.0
2025-11-12 16:00,xUSD/USDC (Arbitrum),1.0
2025-11-12 16:00,xUSD/USDC (Plume),1.0
2025-11-12 16:00,sdeUSD/pUSD (Plume),1.0
2025-11-12 16:00,deUSD/USDC (Ethereum),0.992
2025-11-12 16:00,xUSD/USDC (Arbitrum-2),1.0
2025-11-12 17:00,sdeUSD/USDC (Ethereum),1.0
2025-11-12 17:00,xUSD/USDC (Arbitrum),1.0
2025-11-12 17:00,xUSD/USDC (Plume),1.0
2025-11-12 17:00,sdeUSD/pUSD (Plume),1.0
2025-11-12 17:00,deUSD/USDC (Ethereum),0.991
2025-11-12 17:00,xUSD/USDC (Arbitrum-2),1.0
2025-11-12 18:00,sdeUSD/USDC (Ethereum),1.0
2025-11-12 18:00,xUSD/USDC (Arbitrum),1.0
2025-11-12 18:00,xUSD/USDC (Plume),1.0
2025-11-12 18:00,sdeUSD/pUSD (Plume),1.0
2025-11-12 18:00,deUSD/USDC (Ethereum),0.99
2025-11-12 18:00,xUSD/USDC (Arbitrum-2),1.0
2025-11-12 19:00,sdeUSD/USDC (Ethereum),1.0
2025-11-12 19:00,xUSD/USDC (Arbitrum),1.0
2025-11-12 19:00,xUSD/USDC (Plume),1.0
2025-11-12 19:00,sdeUSD/pUSD (Plume),1.0
2025-11-12 19:00,deUSD/USDC (Ethereum),0.989
2025-11-12 19:00,xUSD/USDC (Arbitrum-2),1.0
2025-11-12 20:00,sdeUSD/USDC (Ethereum),1.0
2025-11-12 20:00,xUSD/USDC (Arbitrum),1.0
2025-11-12 20:00,xUSD/USDC (Plume),1.0
2025-11-12 20:00,sdeUSD/pUSD (Plume),1.0
2025-11-12 20:00,deUSD/USDC (Ethereum),0.988
2025-11-12 20:00,xUSD/USDC (Arbitrum-2),1.0
2025-11-12 21:00,sdeUSD/USDC (Ethereum),1.0
2025-11-12 21:00,xUSD/USDC (Arbitrum),1.0
2025-11-12 21:00,xUSD/USDC (Plume),1.0
2025-11-12 21:00,sdeUSD/pUSD (Plume),1.0
2025-11-12 21:00,deUSD/USDC (Ethereum),0.987
2025-11-12 21:00,xUSD/USDC (Arbitrum-2),1.0
2025-11-12 22:00,sdeUSD/USDC (Ethereum),1.0
2025-11-12 22:00,xUSD/USDC (Arbitrum),1.0
2025-11-12 22:00,xUSD/USDC (Plume),1.0
2025-11-12 22:00,sdeUSD/pUSD (Plume),1.0
2025-11-12 22:00,deUSD/USDC (Ethereum),0.986
2025-11-12 22:00,xUSD/USDC (Arbitrum-2),1.0
2025-11-12 23:00,sdeUSD/USDC (Ethereum),1.0
2025-11-12 23:00,xUSD/USDC (Arbitrum),1.0
2025-11-12 23:00,xUSD/USDC (Plume),1.0
2025-11-12 23:00,sdeUSD/pUSD (Plume),1.0
2025-11-12 23:00,deUSD/USDC (Ethereum),0.985
2025-11-12 23:00,xUSD/USDC (Arbitrum-2),1.0
2025-11-13 00:00,sdeUSD/USDC (Ethereum),1.0
2025-11-13 00:00,xUSD/USDC (Arbitrum),1.0
2025-11-13 00:00,xUSD/USDC (Plume),1.0
2025-11-13 00:00,sdeUSD/pUSD (Plume),1.0
2025-11-13 00:00,deUSD/USDC (Ethereum),0.984
2025-11-13 00:00,xUSD/USDC (Arbitrum-2),1.0
2025-11-13 01:00,sdeUSD/USDC (Ethereum),1.0
2025-11-13 01:00,xUSD/USDC (Arbitrum),1.0
2025-11-13 01:00,xUSD/USDC (Plume),1.0
2025-11-13 01:00,sdeUSD/pUSD (Plume),1.0
2025-11-13 01:00,deUSD/USDC (Ethereum),0.983
2025-11-13 01:00,xUSD/USDC (Arbitrum-2),1.0
2025-11-13 02:00,sdeUSD/USDC (Ethereum),1.0
2025-11-13 02:00,xUSD/USDC (Arbitrum),1.0
2025-11-13 02:00,xUSD/USDC (Plume),1.0
2025-11-13 02:00,sdeUSD/pUSD (Plume),1.0
2025-11-13 02:00,deUSD/USDC (Ethereum),0.982
2025-11-13 02:00,xUSD/USDC (Arbitrum-2),1.0
2025-11-13 03:00,sdeUSD/USDC (Ethereum),1.0
2025-11-13 03:00,xUSD/USDC (Arbitrum),1.0
2025-11-13 03:00,xUSD/USDC (Plume),1.0
2025-11-13 03:00,sdeUSD/pUSD (Plume),1.0
2025-11-13 03:00,deUSD/USDC (Ethereum),0.981
2025-11-13 03:00,xUSD/USDC (Arbitrum-2),1.0
2025-11-13 04:00,sdeUSD/USDC (Ethereum),1.0
2025-11-13 04:00,xUSD/USDC (Arbitrum),1.0
2025-11-13 04:00,xUSD/USDC (Plume),1.0
2025-11-13 04:00,sdeUSD/pUSD (Plume),1.0
2025-11-13 04:00,deUSD/USDC (Ethereum),0.98
2025-11-13 04:00,xUSD/USDC (Arbitrum-2),1.0
2025-11-13 05:00,sdeUSD/USDC (Ethereum),1.0
2025-11-13 05:00,xUSD/USDC (Arbitrum),1.0
2025-11-13 05:00,xUSD/USDC (Plume),1.0
2025-11-13 05:00,sdeUSD/pUSD (Plume),1.0
2025-11-13 05:00,deUSD/USDC (Ethereum),0.979
2025-11-13 05:00,xUSD/USDC (Arbitrum-2),1.0
2025-11-13 06:00,sdeUSD/USDC (Ethereum),1.0
2025-11-13 06:00,xUSD/USDC (Arbitrum),1.0
2025-11-13 06:00,xUSD/USDC (Plume),1.0
2025-11-13 06:00,sdeUSD/pUSD (Plume),1.0
2025-11-13 06:00,deUSD/USDC (Ethereum),0.978
2025-11-13 06:00,xUSD/USDC (Arbitrum-2),1.0
2025-11-13 07:00,sdeUSD/USDC (Ethereum),1.0
2025-11-13 07:00,xUSD/USDC (Arbitrum),1.0
2025-11-13 07:00,xUSD/USDC (Plume),1.0
2025-11-13 07:00,sdeUSD/pUSD (Plume),1.0
2025-11-13 07:00,deUSD/USDC (Ethereum),0.977
2025-11-13 07:00,xUSD/USDC (Arbitrum-2),1.0
2025-11-13 08:00,sdeUSD/USDC (Ethereum),1.0
2025-11-13 08:00,xUSD/USDC (Arbitrum),1.0
2025-11-13 08:00,xUSD/USDC (Plume),1.0
2025-11-13 08:00,sdeUSD/pUSD (Plume),1.0
2025-11-13 08:00,deUSD/USDC (Ethereum),0.976
2025-11-13 08:00,xUSD/USDC (Arbitrum-2),1.0
2025-11-13 09:00,sdeUSD/USDC (Ethereum),1.0
2025-11-13 09:00,xUSD/USDC (Arbitrum),1.0
2025-11-13 09:00,xUSD/USDC (Plume),1.0
2025-11-13 09:00,sdeUSD/pUSD (Plume),1.0
2025-11-13 09:00,deUSD/USDC (Ethereum),0.975
2025-11-13 09:00,xUSD/USDC (Arbitrum-2),1.0
2025-11-13 10:00,sdeUSD/USDC (Ethereum),1.0
2025-11-13 10:00,xUSD/USDC (Arbitrum),1.0
2025-11-13 10:00,xUSD/USDC (Plume),1.0
2025-11-13 10:00,sdeUSD/pUSD (Plume),1.0
2025-11-13 10:00,deUSD/USDC (Ethereum),0.974
2025-11-13 10:00,xUSD/USDC (Arbitrum-2),1.0
2025-11-13 11:00,sdeUSD/USDC (Ethereum),1.0
2025-11-13 11:00,xUSD/USDC (Arbitrum),1.0
2025-11-13 11:00,xUSD/USDC (Plume),1.0
2025-11-13 11:00,sdeUSD/pUSD (Plume),1.0
2025-11-13 11:00,deUSD/USDC (Ethereum),0.973
2025-11-13 11:00,xUSD/USDC (Arbitrum-2),1.0
2025-11-13 12:00,sdeUSD/USDC (Ethereum),1.0
2025-11-13 12:00,xUSD/USDC (Arbitrum),1.0
2025-11-13 12:00,xUSD/USDC (Plume),1.0
2025-11-13 12:00,sdeUSD/pUSD (Plume),1.0
2025-11-13 12:00,deUSD/USDC (Ethereum),0.972
2025-11-13 12:00,xUSD/USDC (Arbitrum-2),1.0
2025-11-13 13:00,sdeUSD/USDC (Ethereum),1.0
2025-11-13 13:00,xUSD/USDC (Arbitrum),1.0
2025-11-13 13:00,xUSD/USDC (Plume),1.0
2025-11-13 13:00,sdeUSD/pUSD (Plume),1.0
2025-11-13 13:00,deUSD/USDC (Ethereum),0.971
2025-11-13 13:00,xUSD/USDC (Arbitrum-2),1.0
2025-11-13 14:00,sdeUSD/USDC (Ethereum),1.0
2025-11-13 14:00,xUSD/USDC (Arbitrum),1.0
2025-11-13 14:00,xUSD/USDC (Plume),1.0
2025-11-13 14:00,sdeUSD/pUSD (Plume),1.0
2025-11-13 14:00,deUSD/USDC (Ethereum),0.97
2025-11-13 14:00,xUSD/USDC (Arbitrum-2),1.0
2025-11-13 15:00,sdeUSD/USDC (Ethereum),1.0
2025-11-13 15:00,xUSD/USDC (Arbitrum),1.0
2025-11-13 15:00,xUSD/USDC (Plume),1.0
2025-11-13 15:00,sdeUSD/pUSD (Plume),1.0
2025-11-13 15:00,deUSD/USDC (Ethereum),0.969
2025-11-13 15:00,xUSD/USDC (Arbitrum-2),1.0
2025-11-13 16:00,sdeUSD/USDC (Ethereum),1.0
2025-11-13 16:00,xUSD/USDC (Arbitrum),1.0
2025-11-13 16:00,xUSD/USDC (Plume),1.0
2025-11-13 16:00,sdeUSD/pUSD (Plume),1.0
2025-11-13 16:00,deUSD/USDC (Ethereum),0.968
2025-11-13 16:00,xUSD/USDC (Arbitrum-2),1.0
2025-11-13 17:00,sdeUSD/USDC (Ethereum),1.0
2025-11-13 17:00,xUSD/USDC (Arbitrum),1.0
2025-11-13 17:00,xUSD/USDC (Plume),1.0
2025-11-13 17:00,sdeUSD/pUSD (Plume),1.0
2025-11-13 17:00,deUSD/USDC (Ethereum),0.967
2025-11-13 17:00,xUSD/USDC (Arbitrum-2),1.0
2025-11-13 18:00,sdeUSD/USDC (Ethereum),1.0
2025-11-13 18:00,xUSD/USDC (Arbitrum),1.0
2025-11-13 18:00,xUSD/USDC (Plume),1.0
2025-11-13 18:00,sdeUSD/pUSD (Plume),1.0
2025-11-13 18:00,deUSD/USDC (Ethereum),0.966
2025-11-13 18:00,xUSD/USDC (Arbitrum-2),1.0
2025-11-13 19:00,sdeUSD/USDC (Ethereum),1.0
2025-11-13 19:00,xUSD/USDC (Arbitrum),1.0
2025-11-13 19:00,xUSD/USDC (Plume),1.0
2025-11-13 19:00,sdeUSD/pUSD (Plume),1.0
2025-11-13 19:00,deUSD/USDC (Ethereum),0.965
2025-11-13 19:00,xUSD/USDC (Arbitrum-2),1.0
2025-11-13 20:00,sdeUSD/USDC (Ethereum),1.0
2025-11-13 20:00,xUSD/USDC (Arbitrum),1.0
2025-11-13 20:00,xUSD/USDC (Plume),1.0
2025-11-13 20:00,sdeUSD/pUSD (Plume),1.0
2025-11-13 20:00,deUSD/USDC (Ethereum),0.964
2025-11-13 20:00,xUSD/USDC (Arbitrum-2),1.0
2025-11-13 21:00,sdeUSD/USDC (Ethereum),1.0
2025-11-13 21:00,xUSD/USDC (Arbitrum),1.0
2025-11-13 21:00,xUSD/USDC (Plume),1.0
2025-11-13 21:00,sdeUSD/pUSD (Plume),1.0
2025-11-13 21:00,deUSD/USDC (Ethereum),0.963
2025-11-13 21:00,xUSD/USDC (Arbitrum-2),1.0
2025-11-13 22:00,sdeUSD/USDC (Ethereum),1.0
2025-11-13 22:00,xUSD/USDC (Arbitrum),1.0
2025-11-13 22:00,xUSD/USDC (Plume),1.0
2025-11-13 22:00,sdeUSD/pUSD (Plume),1.0
2025-11-13 22:00,deUSD/USDC (Ethereum),0.962
2025-11-13 22:00,xUSD/USDC (Arbitrum-2),1.0
2025-11-13 23:00,sdeUSD/USDC (Ethereum),1.0
2025-11-13 23:00,xUSD/USDC (Arbitrum),1.0
2025-11-13 23:00,xUSD/USDC (Plume),1.0
2025-11-13 23:00,sdeUSD/pUSD (Plume),1.0
2025-11-13 23:00,deUSD/USDC (Ethereum),0.961
2025-11-13 23:00,xUSD/USDC (Arbitrum-2),1.0
2025-11-14 00:00,sdeUSD/USDC (Ethereum),1.0
2025-11-14 00:00,xUSD/USDC (Arbitrum),1.0
2025-11-14 00:00,xUSD/USDC (Plume),1.0
2025-11-14 00:00,sdeUSD/pUSD (Plume),1.0
2025-11-14 00:00,deUSD/USDC (Ethereum),0.96
2025-11-14 00:00,xUSD/USDC (Arbitrum-2),1.0
2025-11-14 01:00,sdeUSD/USDC (Ethereum),1.0
2025-11-14 01:00,xUSD/USDC (Arbitrum),1.0
2025-11-14 01:00,xUSD/USDC (Plume),1.0
2025-11-14 01:00,sdeUSD/pUSD (Plume),1.0
2025-11-14 01:00,deUSD/USDC (Ethereum),0.959
2025-11-14 01:00,xUSD/USDC (Arbitrum-2),1.0
2025-11-14 02:00,sdeUSD/USDC (Ethereum),1.0
2025-11-14 02:00,xUSD/USDC (Arbitrum),1.0
2025-11-14 02:00,xUSD/USDC (Plume),1.0
2025-11-14 02:00,sdeUSD/pUSD (Plume),1.0
2025-11-14 02:00,deUSD/USDC (Ethereum),0.958
2025-11-14 02:00,xUSD/USDC (Arbitrum-2),1.0
2025-11-14 03:00,sdeUSD/USDC (Ethereum),1.0
2025-11-14 03:00,xUSD/USDC (Arbitrum),1.0
2025-11-14 03:00,xUSD/USDC (Plume),1.0
2025-11-14 03:00,sdeUSD/pUSD (Plume),1.0
2025-11-14 03:00,deUSD/USDC (Ethereum),0.957
2025-11-14 03:00,xUSD/USDC (Arbitrum-2),1.0
2025-11-14 04:00,sdeUSD/USDC (Ethereum),1.0
2025-11-14 04:00,xUSD/USDC (Arbitrum),1.0
2025-11-14 04:00,xUSD/USDC (Plume),1.0
2025-11-14 04:00,sdeUSD/pUSD (Plume),1.0
2025-11-14 04:00,deUSD/USDC (Ethereum),0.956
2025-11-14 04:00,xUSD/USDC (Arbitrum-2),1.0
2025-11-14 05:00,sdeUSD/USDC (Ethereum),1.0
2025-11-14 05:00,xUSD/USDC (Arbitrum),1.0
2025-11-14 05:00,xUSD/USDC (Plume),1.0
2025-11-14 05:00,sdeUSD/pUSD (Plume),1.0
2025-11-14 05:00,deUSD/USDC (Ethereum),0.955
2025-11-14 05:00,xUSD/USDC (Arbitrum-2),1.0
2025-11-14 06:00,sdeUSD/USDC (Ethereum),1.0
2025-11-14 06:00,xUSD/USDC (Arbitrum),1.0
2025-11-14 06:00,xUSD/USDC (Plume),1.0
2025-11-14 06:00,sdeUSD/pUSD (Plume),1.0
2025-11-14 06:00,deUSD/USDC (Ethereum),0.954
2025-11-14 06:00,xUSD/USDC (Arbitrum-2),1.0
2025-11-14 07:00,sdeUSD/USDC (Ethereum),1.0
2025-11-14 07:00,xUSD/USDC (Arbitrum),1.0
2025-11-14 07:00,xUSD/USDC (Plume),1.0
2025-11-14 07:00,sdeUSD/pUSD (Plume),1.0
2025-11-14 07:00,deUSD/USDC (Ethereum),0.953
2025-11-14 07:00,xUSD/USDC (Arbitrum-2),1.0
2025-11-14 08:00,sdeUSD/USDC (Ethereum),1.0
2025-11-14 08:00,xUSD/USDC (Arbitrum),1.0
2025-11-14 08:00,xUSD/USDC (Plume),1.0
2025-11-14 08:00,sdeUSD/pUSD (Plume),1.0
2025-11-14 08:00,deUSD/USDC (Ethereum),0.952
2025-11-14 08:00,xUSD/USDC (Arbitrum-2),1.0
2025-11-14 09:00,sdeUSD/USDC (Ethereum),1.0
2025-11-14 09:00,xUSD/USDC (Arbitrum),1.0
2025-11-14 09:00,xUSD/USDC (Plume),1.0
2025-11-14 09:00,sdeUSD/pUSD (Plume),1.0
2025-11-14 09:00,deUSD/USDC (Ethereum),0.951
2025-11-14 09:00,xUSD/USDC (Arbitrum-2),1.0
2025-11-14 10:00,sdeUSD/USDC (Ethereum),1.0
2025-11-14 10:00,xUSD/USDC (Arbitrum),1.0
2025-11-14 10:00,xUSD/USDC (Plume),1.0
2025-11-14 10:00,sdeUSD/pUSD (Plume),1.0
2025-11-14 10:00,deUSD/USDC (Ethereum),0.95
2025-11-14 10:00,xUSD/USDC (Arbitrum-2),1.0
2025-11-14 11:00,sdeUSD/USDC (Ethereum),1.0
2025-11-14 11:00,xUSD/USDC (Arbitrum),1.0
2025-11-14 11:00,xUSD/USDC (Plume),1.0
2025-11-14 11:00,sdeUSD/pUSD (Plume),1.0
2025-11-14 11:00,deUSD/USDC (Ethereum),0.949
2025-11-14 11:00,xUSD/USDC (Arbitrum-2),1.0
2025-11-14 12:00,sdeUSD/USDC (Ethereum),1.0
2025-11-14 12:00,xUSD/USDC (Arbitrum),1.0
2025-11-14 12:00,xUSD/USDC (Plume),1.0
2025-11-14 12:00,sdeUSD/pUSD (Plume),1.0
2025-11-14 12:00,deUSD/USDC (Ethereum),0.948
2025-11-14 12:00,xUSD/USDC (Arbitrum-2),1.0
2025-11-14 13:00,sdeUSD/USDC (Ethereum),1.0
2025-11-14 13:00,xUSD/USDC (Arbitrum),1.0
2025-11-14 13:00,xUSD/USDC (Plume),1.0
2025-11-14 13:00,sdeUSD/pUSD (Plume),1.0
2025-11-14 13:00,deUSD/USDC (Ethereum),0.947
2025-11-14 13:00,xUSD/USDC (Arbitrum-2),1.0
2025-11-14 14:00,sdeUSD/USDC (Ethereum),1.0
2025-11-14 14:00,xUSD/USDC (Arbitrum),1.0
2025-11-14 14:00,xUSD/USDC (Plume),1.0
2025-11-14 14:00,sdeUSD/pUSD (Plume),1.0
2025-11-14 14:00,deUSD/USDC (Ethereum),0.946
2025-11-14 14:00,xUSD/USDC (Arbitrum-2),1.0
2025-11-14 15:00,sdeUSD/USDC (Ethereum),1.0
2025-11-14 15:00,xUSD/USDC (Arbitrum),1.0
2025-11-14 15:00,xUSD/USDC (Plume),1.0
2025-11-14 15:00,sdeUSD/pUSD (Plume),1.0
2025-11-14 15:00,deUSD/USDC (Ethereum),0.945
2025-11-14 15:00,xUSD/USDC (Arbitrum-2),1.0
2025-11-14 16:00,sdeUSD/USDC (Ethereum),1.0
2025-11-14 16:00,xUSD/USDC (Arbitrum),1.0
2025-11-14 16:00,xUSD/USDC (Plume),1.0
2025-11-14 16:00,sdeUSD/pUSD (Plume),1.0
2025-11-14 16:00,deUSD/USDC (Ethereum),0.944
2025-11-14 16:00,xUSD/USDC (Arbitrum-2),1.0
2025-11-14 17:00,sdeUSD/USDC (Ethereum),1.0
2025-11-14 17:00,xUSD/USDC (Arbitrum),1.0
2025-11-14 17:00,xUSD/USDC (Plume),1.0
2025-11-14 17:00,sdeUSD/pUSD (Plume),1.0
2025-11-14 17:00,deUSD/USDC (Ethereum),0.943
2025-11-14 17:00,xUSD/USDC (Arbitrum-2),1.0
2025-11-14 18:00,sdeUSD/USDC (Ethereum),1.0
2025-11-14 18:00,xUSD/USDC (Arbitrum),1.0
2025-11-14 18:00,xUSD/USDC (Plume),1.0
2025-11-14 18:00,sdeUSD/pUSD (Plume),1.0
2025-11-14 18:00,deUSD/USDC (Ethereum),0.942
2025-11-14 18:00,xUSD/USDC (Arbitrum-2),1.0
2025-11-14 19:00,sdeUSD/USDC (Ethereum),1.0
2025-11-14 19:00,xUSD/USDC (Arbitrum),1.0
2025-11-14 19:00,xUSD/USDC (Plume),1.0
2025-11-14 19:00,sdeUSD/pUSD (Plume),1.0
2025-11-14 19:00,deUSD/USDC (Ethereum),0.941
2025-11-14 19:00,xUSD/USDC (Arbitrum-2),1.0
2025-11-14 20:00,sdeUSD/USDC (Ethereum),1.0
2025-11-14 20:00,xUSD/USDC (Arbitrum),1.0
2025-11-14 20:00,xUSD/USDC (Plume),1.0
2025-11-14 20:00,sdeUSD/pUSD (Plume),1.0
2025-11-14 20:00,deUSD/USDC (Ethereum),0.94
2025-11-14 20:00,xUSD/USDC (Arbitrum-2),1.0
2025-11-14 21:00,sdeUSD/USDC (Ethereum),1.0
2025-11-14 21:00,xUSD/USDC (Arbitrum),1.0
2025-11-14 21:00,xUSD/USDC (Plume),1.0
2025-11-14 21:00,sdeUSD/pUSD (Plume),1.0
2025-11-14 21:00,deUSD/USDC (Ethereum),0.939
2025-11-14 21:00,xUSD/USDC (Arbitrum-2),1.0
2025-11-14 22:00,sdeUSD/USDC (Ethereum),1.0
2025-11-14 22:00,xUSD/USDC (Arbitrum),1.0
2025-11-14 22:00,xUSD/USDC (Plume),1.0
2025-11-14 22:00,sdeUSD/pUSD (Plume),1.0
2025-11-14 22:00,deUSD/USDC (Ethereum),0.938
2025-11-14 22:00,xUSD/USDC (Arbitrum-2),1.0
2025-11-14 23:00,sdeUSD/USDC (Ethereum),1.0
2025-11-14 23:00,xUSD/USDC (Arbitrum),1.0
2025-11-14 23:00,xUSD/USDC (Plume),1.0
2025-11-14 23:00,sdeUSD/pUSD (Plume),1.0
2025-11-14 23:00,deUSD/USDC (Ethereum),0.937
2025-11-14 23:00,xUSD/USDC (Arbitrum-2),1.0
2025-11-15 00:00,sdeUSD/USDC (Ethereum),1.0
2025-11-15 00:00,xUSD/USDC (Arbitrum),1.0
2025-11-15 00:00,xUSD/USDC (Plume),1.0
2025-11-15 00:00,sdeUSD/pUSD (Plume),1.0
2025-11-15 00:00,deUSD/USDC (Ethereum),0.936
2025-11-15 00:00,xUSD/USDC (Arbitrum-2),1.0
