date,vault_name,share_price
2025-09-01,MEV Capital USDC (ETH),1.000248
2025-09-01,Relend USDC,0.999931
2025-09-01,Gauntlet USDC Frontier,1.000324
2025-09-01,Gauntlet USDC Core,1.000762
2025-09-01,Smokehouse USDC,0.999883
2025-09-01,Hyperithm USDC Degen,0.999883
2025-09-02,MEV Capital USDC (ETH),1.002683
2025-09-02,Relend USDC,1.001856
2025-09-02,Gauntlet USDC Frontier,1.00022
2025-09-02,Gauntlet USDC Core,1.001189
2025-09-02,Smokehouse USDC,1.000384
2025-09-02,Hyperithm USDC Degen,1.000223
2025-09-03,MEV Capital USDC (ETH),1.003907
2025-09-03,Relend USDC,1.001989
2025-09-03,Gauntlet USDC Frontier,1.000047
2025-09-03,Gauntlet USDC Core,1.001555
2025-09-03,Smokehouse USDC,1.000725
2025-09-03,Hyperithm USDC Degen,1.001069
2025-09-04,MEV Capital USDC (ETH),1.005225
2025-09-04,Relend USDC,1.003712
2025-09-04,Gauntlet USDC Frontier,1.002097
2025-09-04,Gauntlet USDC Core,1.002641
2025-09-04,Smokehouse USDC,1.001881
2025-09-04,Hyperithm USDC Degen,1.000655
2025-09-05,MEV Capital USDC (ETH),1.0073
2025-09-05,Relend USDC,1.005946
2025-09-05,Gauntlet USDC Frontier,1.001244
2025-09-05,Gauntlet USDC Core,1.00386
2025-09-05,Smokehouse USDC,1.002162
2025-09-05,Hyperithm USDC Degen,1.001677
2025-09-06,MEV Capital USDC (ETH),1.009165
2025-09-06,Relend USDC,1.00829
2025-09-06,Gauntlet USDC Frontier,1.002267
2025-09-06,Gauntlet USDC Core,1.004061
2025-09-06,Smokehouse USDC,1.003489
2025-09-06,Hyperithm USDC Degen,1.001668
2025-09-07,MEV Capital USDC (ETH),1.011463
2025-09-07,Relend USDC,1.007856
2025-09-07,Gauntlet USDC Frontier,1.002065
2025-09-07,Gauntlet USDC Core,1.005606
2025-09-07,Smokehouse USDC,1.004063
2025-09-07,Hyperithm USDC Degen,1.00282
2025-09-08,MEV Capital USDC (ETH),1.013194
2025-09-08,Relend USDC,1.010158
2025-09-08,Gauntlet USDC Frontier,1.002444
2025-09-08,Gauntlet USDC Core,1.006066
2025-09-08,Smokehouse USDC,1.004079
2025-09-08,Hyperithm USDC Degen,1.003719
2025-09-09,MEV Capital USDC (ETH),1.015316
2025-09-09,Relend USDC,1.0109
2025-09-09,Gauntlet USDC Frontier,1.0038
2025-09-09,Gauntlet USDC Core,1.007151
2025-09-09,Smokehouse USDC,1.004586
2025-09-09,Hyperithm USDC Degen,1.003952
2025-09-10,MEV Capital USDC (ETH),1.017553
2025-09-10,Relend USDC,1.01372
2025-09-10,Gauntlet USDC Frontier,1.003674
2025-09-10,Gauntlet USDC Core,1.008107
2025-09-10,Smokehouse USDC,1.005706
2025-09-10,Hyperithm USDC Degen,1.00459
2025-09-11,MEV Capital USDC (ETH),1.018691
2025-09-11,Relend USDC,1.014634
2025-09-11,Gauntlet USDC Frontier,1.003995
2025-09-11,Gauntlet USDC Core,1.008582
2025-09-11,Smokehouse USDC,1.006562
2025-09-11,Hyperithm USDC Degen,1.005236
2025-09-12,MEV Capital USDC (ETH),1.020788
2025-09-12,Relend USDC,1.016701
2025-09-12,Gauntlet USDC Frontier,1.005184
2025-09-12,Gauntlet USDC Core,1.009775
2025-09-12,Smokehouse USDC,1.006952
2025-09-12,Hyperithm USDC Degen,1.005783
2025-09-13,MEV Capital USDC (ETH),1.022699
2025-09-13,Relend USDC,1.018455
2025-09-13,Gauntlet USDC Frontier,1.004148
2025-09-13,Gauntlet USDC Core,1.011427
2025-09-13,Smokehouse USDC,1.007431
2025-09-13,Hyperithm USDC Degen,1.00532
2025-09-14,MEV Capital USDC (ETH),1.024656
2025-09-14,Relend USDC,1.018151
2025-09-14,Gauntlet USDC Frontier,1.005803
2025-09-14,Gauntlet USDC Core,1.012112
2025-09-14,Smokehouse USDC,1.008742
2025-09-14,Hyperithm USDC Degen,1.005666
2025-09-15,MEV Capital USDC (ETH),1.026099
2025-09-15,Relend USDC,1.020367
2025-09-15,Gauntlet USDC Frontier,1.006825
2025-09-15,Gauntlet USDC Core,1.013016
2025-09-15,Smokehouse USDC,1.008354
2025-09-15,Hyperithm USDC Degen,1.006637
2025-09-16,MEV Capital USDC (ETH),1.028445
2025-09-16,Relend USDC,1.022575
2025-09-16,Gauntlet USDC Frontier,1.006471
2025-09-16,Gauntlet USDC Core,1.013606
2025-09-16,Smokehouse USDC,1.009038
2025-09-16,Hyperithm USDC Degen,1.006105
2025-09-17,MEV Capital USDC (ETH),1.030437
2025-09-17,Relend USDC,1.023694
2025-09-17,Gauntlet USDC Frontier,1.007279
2025-09-17,Gauntlet USDC Core,1.014571
2025-09-17,Smokehouse USDC,1.009142
2025-09-17,Hyperithm USDC Degen,1.007082
2025-09-18,MEV Capital USDC (ETH),1.032011
2025-09-18,Relend USDC,1.024635
2025-09-18,Gauntlet USDC Frontier,1.007651
2025-09-18,Gauntlet USDC Core,1.015808
2025-09-18,Smokehouse USDC,1.011408
2025-09-18,Hyperithm USDC Degen,1.007835
2025-09-19,MEV Capital USDC (ETH),1.034204
2025-09-19,Relend USDC,1.026471
2025-09-19,Gauntlet USDC Frontier,1.007227
2025-09-19,Gauntlet USDC Core,1.016511
2025-09-19,Smokehouse USDC,1.011111
2025-09-19,Hyperithm USDC Degen,1.009436
2025-09-20,MEV Capital USDC (ETH),1.035872
2025-09-20,Relend USDC,1.028132
2025-09-20,Gauntlet USDC Frontier,1.008624
2025-09-20,Gauntlet USDC Core,1.016858
2025-09-20,Smokehouse USDC,1.012268
2025-09-20,Hyperithm USDC Degen,1.009036
2025-09-21,MEV Capital USDC (ETH),1.038257
2025-09-21,Relend USDC,1.028999
2025-09-21,Gauntlet USDC Frontier,1.009797
2025-09-21,Gauntlet USDC Core,1.017659
2025-09-21,Smokehouse USDC,1.012606
2025-09-21,Hyperithm USDC Degen,1.010211
2025-09-22,MEV Capital USDC (ETH),1.039259
2025-09-22,Relend USDC,1.030644
2025-09-22,Gauntlet USDC Frontier,1.009601
2025-09-22,Gauntlet USDC Core,1.019026
2025-09-22,Smokehouse USDC,1.012152
2025-09-22,Hyperithm USDC Degen,1.009605
2025-09-23,MEV Capital USDC (ETH),1.041117
2025-09-23,Relend USDC,1.032636
2025-09-23,Gauntlet USDC Frontier,1.009546
2025-09-23,Gauntlet USDC Core,1.020971
2025-09-23,Smokehouse USDC,1.013152
2025-09-23,Hyperithm USDC Degen,1.009866
2025-09-24,MEV Capital USDC (ETH),1.043948
2025-09-24,Relend USDC,1.033257
2025-09-24,Gauntlet USDC Frontier,1.010574
2025-09-24,Gauntlet USDC Core,1.021767
2025-09-24,Smokehouse USDC,1.013355
2025-09-24,Hyperithm USDC Degen,1.010575
2025-09-25,MEV Capital USDC (ETH),1.045564
2025-09-25,Relend USDC,1.035736
2025-09-25,Gauntlet USDC Frontier,1.010297
2025-09-25,Gauntlet USDC Core,1.021372
2025-09-25,Smokehouse USDC,1.015036
2025-09-25,Hyperithm USDC Degen,1.011087
2025-09-26,MEV Capital USDC (ETH),1.047452
2025-09-26,Relend USDC,1.036991
2025-09-26,Gauntlet USDC Frontier,1.01103
2025-09-26,Gauntlet USDC Core,1.023066
2025-09-26,Smokehouse USDC,1.015537
2025-09-26,Hyperithm USDC Degen,1.011037
2025-09-27,MEV Capital USDC (ETH),1.050153
2025-09-27,Relend USDC,1.038527
2025-09-27,Gauntlet USDC Frontier,1.011229
2025-09-27,Gauntlet USDC Core,1.024196
2025-09-27,Smokehouse USDC,1.015518
2025-09-27,Hyperithm USDC Degen,1.012244
2025-09-28,MEV Capital USDC (ETH),1.051692
2025-09-28,Relend USDC,1.039353
2025-09-28,Gauntlet USDC Frontier,1.012761
2025-09-28,Gauntlet USDC Core,1.024992
2025-09-28,Smokehouse USDC,1.017032
2025-09-28,Hyperithm USDC Degen,1.013254
2025-09-29,MEV Capital USDC (ETH),1.052884
2025-09-29,Relend USDC,1.040859
2025-09-29,Gauntlet USDC Frontier,1.01229
2025-09-29,Gauntlet USDC Core,1.025296
2025-09-29,Smokehouse USDC,1.017198
2025-09-29,Hyperithm USDC Degen,1.012932
2025-09-30,MEV Capital USDC (ETH),1.055038
2025-09-30,Relend USDC,1.043122
2025-09-30,Gauntlet USDC Frontier,1.013196
2025-09-30,Gauntlet USDC Core,1.027349
2025-09-30,Smokehouse USDC,1.01772
2025-09-30,Hyperithm USDC Degen,1.014577
2025-10-01,MEV Capital USDC (ETH),1.057105
2025-10-01,Relend USDC,1.043752
2025-10-01,Gauntlet USDC Frontier,1.013109
2025-10-01,Gauntlet USDC Core,1.027781
2025-10-01,Smokehouse USDC,1.018357
2025-10-01,Hyperithm USDC Degen,1.01403
2025-10-02,MEV Capital USDC (ETH),1.058922
2025-10-02,Relend USDC,1.045617
2025-10-02,Gauntlet USDC Frontier,1.013676
2025-10-02,Gauntlet USDC Core,1.0277
2025-10-02,Smokehouse USDC,1.018861
2025-10-02,Hyperithm USDC Degen,1.014557
2025-10-03,MEV Capital USDC (ETH),1.060686
2025-10-03,Relend USDC,1.046503
2025-10-03,Gauntlet USDC Frontier,1.01464
2025-10-03,Gauntlet USDC Core,1.029568
2025-10-03,Smokehouse USDC,1.019258
2025-10-03,Hyperithm USDC Degen,1.014662
2025-10-04,MEV Capital USDC (ETH),1.062501
2025-10-04,Relend USDC,1.048028
2025-10-04,Gauntlet USDC Frontier,1.015187
2025-10-04,Gauntlet USDC Core,1.030574
2025-10-04,Smokehouse USDC,1.020857
2025-10-04,Hyperithm USDC Degen,1.015567
2025-10-05,MEV Capital USDC (ETH),1.063676
2025-10-05,Relend USDC,1.049603
2025-10-05,Gauntlet USDC Frontier,1.015721
2025-10-05,Gauntlet USDC Core,1.031469
2025-10-05,Smokehouse USDC,1.021188
2025-10-05,Hyperithm USDC Degen,1.017423
2025-10-06,MEV Capital USDC (ETH),1.066543
2025-10-06,Relend USDC,1.052112
2025-10-06,Gauntlet USDC Frontier,1.016395
2025-10-06,Gauntlet USDC Core,1.032455
2025-10-06,Smokehouse USDC,1.021389
2025-10-06,Hyperithm USDC Degen,1.016331
2025-10-07,MEV Capital USDC (ETH),1.067764
2025-10-07,Relend USDC,1.052899
2025-10-07,Gauntlet USDC Frontier,1.01613
2025-10-07,Gauntlet USDC Core,1.033089
2025-10-07,Smokehouse USDC,1.023319
2025-10-07,Hyperithm USDC Degen,1.015474
2025-10-08,MEV Capital USDC (ETH),1.070387
2025-10-08,Relend USDC,1.053683
2025-10-08,Gauntlet USDC Frontier,1.016592
2025-10-08,Gauntlet USDC Core,1.03451
2025-10-08,Smokehouse USDC,1.02281
2025-10-08,Hyperithm USDC Degen,1.016325
2025-10-09,MEV Capital USDC (ETH),1.071579
2025-10-09,Relend USDC,1.056302
2025-10-09,Gauntlet USDC Frontier,1.016917
2025-10-09,Gauntlet USDC Core,1.034992
2025-10-09,Smokehouse USDC,1.023416
2025-10-09,Hyperithm USDC Degen,1.016994
2025-10-10,MEV Capital USDC (ETH),1.074902
2025-10-10,Relend USDC,1.057752
2025-10-10,Gauntlet USDC Frontier,1.016725
2025-10-10,Gauntlet USDC Core,1.035895
2025-10-10,Smokehouse USDC,1.023678
2025-10-10,Hyperithm USDC Degen,1.018201
2025-10-11,MEV Capital USDC (ETH),1.075327
2025-10-11,Relend USDC,1.058851
2025-10-11,Gauntlet USDC Frontier,1.018445
2025-10-11,Gauntlet USDC Core,1.037153
2025-10-11,Smokehouse USDC,1.024024
2025-10-11,Hyperithm USDC Degen,1.018064
2025-10-12,MEV Capital USDC (ETH),1.077379
2025-10-12,Relend USDC,1.060054
2025-10-12,Gauntlet USDC Frontier,1.01953
2025-10-12,Gauntlet USDC Core,1.03784
2025-10-12,Smokehouse USDC,1.024609
2025-10-12,Hyperithm USDC Degen,1.019146
2025-10-13,MEV Capital USDC (ETH),1.08057
2025-10-13,Relend USDC,1.06237
2025-10-13,Gauntlet USDC Frontier,1.018342
2025-10-13,Gauntlet USDC Core,1.038314
2025-10-13,Smokehouse USDC,1.026489
2025-10-13,Hyperithm USDC Degen,1.018789
2025-10-14,MEV Capital USDC (ETH),1.081624
2025-10-14,Relend USDC,1.063713
2025-10-14,Gauntlet USDC Frontier,1.019093
2025-10-14,Gauntlet USDC Core,1.039444
2025-10-14,Smokehouse USDC,1.024851
2025-10-14,Hyperithm USDC Degen,1.019086
2025-10-15,MEV Capital USDC (ETH),1.083169
2025-10-15,Relend USDC,1.064175
2025-10-15,Gauntlet USDC Frontier,1.020828
2025-10-15,Gauntlet USDC Core,1.039677
2025-10-15,Smokehouse USDC,1.026867
2025-10-15,Hyperithm USDC Degen,1.020119
2025-10-16,MEV Capital USDC (ETH),1.085909
2025-10-16,Relend USDC,1.065553
2025-10-16,Gauntlet USDC Frontier,1.021048
2025-10-16,Gauntlet USDC Core,1.041315
2025-10-16,Smokehouse USDC,1.027212
2025-10-16,Hyperithm USDC Degen,1.020741
2025-10-17,MEV Capital USDC (ETH),1.087181
2025-10-17,Relend USDC,1.067444
2025-10-17,Gauntlet USDC Frontier,1.020956
2025-10-17,Gauntlet USDC Core,1.042035
2025-10-17,Smokehouse USDC,1.028375
2025-10-17,Hyperithm USDC Degen,1.021297
2025-10-18,MEV Capital USDC (ETH),1.089768
2025-10-18,Relend USDC,1.068598
2025-10-18,Gauntlet USDC Frontier,1.022442
2025-10-18,Gauntlet USDC Core,1.04217
2025-10-18,Smokehouse USDC,1.028858
2025-10-18,Hyperithm USDC Degen,1.021715
2025-10-19,MEV Capital USDC (ETH),1.091008
2025-10-19,Relend USDC,1.070378
2025-10-19,Gauntlet USDC Frontier,1.021727
2025-10-19,Gauntlet USDC Core,1.043817
2025-10-19,Smokehouse USDC,1.029254
2025-10-19,Hyperithm USDC Degen,1.022302
2025-10-20,MEV Capital USDC (ETH),1.092939
2025-10-20,Relend USDC,1.071816
2025-10-20,Gauntlet USDC Frontier,1.022735
2025-10-20,Gauntlet USDC Core,1.045135
2025-10-20,Smokehouse USDC,1.030571
2025-10-20,Hyperithm USDC Degen,1.022648
2025-10-21,MEV Capital USDC (ETH),1.094239
2025-10-21,Relend USDC,1.073355
2025-10-21,Gauntlet USDC Frontier,1.023114
2025-10-21,Gauntlet USDC Core,1.046205
2025-10-21,Smokehouse USDC,1.03077
2025-10-21,Hyperithm USDC Degen,1.022847
2025-10-22,MEV Capital USDC (ETH),1.097186
2025-10-22,Relend USDC,1.074812
2025-10-22,Gauntlet USDC Frontier,1.023469
2025-10-22,Gauntlet USDC Core,1.046717
2025-10-22,Smokehouse USDC,1.031287
2025-10-22,Hyperithm USDC Degen,1.023794
2025-10-23,MEV Capital USDC (ETH),1.098853
2025-10-23,Relend USDC,1.076987
2025-10-23,Gauntlet USDC Frontier,1.024303
2025-10-23,Gauntlet USDC Core,1.047746
2025-10-23,Smokehouse USDC,1.032353
2025-10-23,Hyperithm USDC Degen,1.023545
2025-10-24,MEV Capital USDC (ETH),1.100495
2025-10-24,Relend USDC,1.077988
2025-10-24,Gauntlet USDC Frontier,1.024153
2025-10-24,Gauntlet USDC Core,1.048951
2025-10-24,Smokehouse USDC,1.032218
2025-10-24,Hyperithm USDC Degen,1.025202
2025-10-25,MEV Capital USDC (ETH),1.101723
2025-10-25,Relend USDC,1.078919
2025-10-25,Gauntlet USDC Frontier,1.025138
2025-10-25,Gauntlet USDC Core,1.049967
2025-10-25,Smokehouse USDC,1.033555
2025-10-25,Hyperithm USDC Degen,1.024926
2025-10-26,MEV Capital USDC (ETH),1.104113
2025-10-26,Relend USDC,1.08055
2025-10-26,Gauntlet USDC Frontier,1.025052
2025-10-26,Gauntlet USDC Core,1.050151
2025-10-26,Smokehouse USDC,1.034346
2025-10-26,Hyperithm USDC Degen,1.024994
2025-10-27,MEV Capital USDC (ETH),1.1056
2025-10-27,Relend USDC,1.08231
2025-10-27,Gauntlet USDC Frontier,1.025675
2025-10-27,Gauntlet USDC Core,1.051126
2025-10-27,Smokehouse USDC,1.034063
2025-10-27,Hyperithm USDC Degen,1.025645
2025-10-28,MEV Capital USDC (ETH),1.108028
2025-10-28,Relend USDC,1.08369
2025-10-28,Gauntlet USDC Frontier,1.025688
2025-10-28,Gauntlet USDC Core,1.052442
2025-10-28,Smokehouse USDC,1.034366
2025-10-28,Hyperithm USDC Degen,1.025275
2025-10-29,MEV Capital USDC (ETH),1.109439
2025-10-29,Relend USDC,1.08531
2025-10-29,Gauntlet USDC Frontier,1.026534
2025-10-29,Gauntlet USDC Core,1.053981
2025-10-29,Smokehouse USDC,1.036134
2025-10-29,Hyperithm USDC Degen,1.026355
2025-10-30,MEV Capital USDC (ETH),1.111682
2025-10-30,Relend USDC,1.086388
2025-10-30,Gauntlet USDC Frontier,1.026824
2025-10-30,Gauntlet USDC Core,1.054017
2025-10-30,Smokehouse USDC,1.036482
2025-10-30,Hyperithm USDC Degen,1.026477
2025-10-31,MEV Capital USDC (ETH),1.113844
2025-10-31,Relend USDC,1.089128
2025-10-31,Gauntlet USDC Frontier,1.027234
2025-10-31,Gauntlet USDC Core,1.05528
2025-10-31,Smokehouse USDC,1.037282
2025-10-31,Hyperithm USDC Degen,1.027146
2025-11-01,MEV Capital USDC (ETH),1.11559
2025-11-01,Relend USDC,1.089841
2025-11-01,Gauntlet USDC Frontier,1.027792
2025-11-01,Gauntlet USDC Core,1.055611
2025-11-01,Smokehouse USDC,1.037564
2025-11-01,Hyperithm USDC Degen,1.028051
2025-11-02,MEV Capital USDC (ETH),1.118096
2025-11-02,Relend USDC,1.091787
2025-11-02,Gauntlet USDC Frontier,1.029274
2025-11-02,Gauntlet USDC Core,1.056532
2025-11-02,Smokehouse USDC,1.038604
2025-11-02,Hyperithm USDC Degen,1.028349
2025-11-03,MEV Capital USDC (ETH),1.120359
2025-11-03,Relend USDC,1.092376
2025-11-03,Gauntlet USDC Frontier,1.028233
2025-11-03,Gauntlet USDC Core,1.057534
2025-11-03,Smokehouse USDC,1.037721
2025-11-03,Hyperithm USDC Degen,1.028451
2025-11-04,MEV Capital USDC (ETH),1.114995
2025-11-04,Relend USDC,0.995098
2025-11-04,Gauntlet USDC Frontier,1.029278
2025-11-04,Gauntlet USDC Core,1.05969
2025-11-04,Smokehouse USDC,1.039874
2025-11-04,Hyperithm USDC Degen,1.028881
2025-11-05,MEV Capital USDC (ETH),1.111036
2025-11-05,Relend USDC,0.897511
2025-11-05,Gauntlet USDC Frontier,1.028902
2025-11-05,Gauntlet USDC Core,1.060585
2025-11-05,Smokehouse USDC,1.040604
2025-11-05,Hyperithm USDC Degen,1.029391
2025-11-06,MEV Capital USDC (ETH),1.106739
2025-11-06,Relend USDC,0.800184
2025-11-06,Gauntlet USDC Frontier,1.02996
2025-11-06,Gauntlet USDC Core,1.061206
2025-11-06,Smokehouse USDC,1.039833
2025-11-06,Hyperithm USDC Degen,1.029781
2025-11-07,MEV Capital USDC (ETH),1.103708
2025-11-07,Relend USDC,0.701773
2025-11-07,Gauntlet USDC Frontier,1.030247
2025-11-07,Gauntlet USDC Core,1.061817
2025-11-07,Smokehouse USDC,1.040712
2025-11-07,Hyperithm USDC Degen,1.030465
2025-11-08,MEV Capital USDC (ETH),1.099876
2025-11-08,Relend USDC,0.604249
2025-11-08,Gauntlet USDC Frontier,1.031282
2025-11-08,Gauntlet USDC Core,1.061861
2025-11-08,Smokehouse USDC,1.041094
2025-11-08,Hyperithm USDC Degen,1.031631
2025-11-09,MEV Capital USDC (ETH),1.096093
2025-11-09,Relend USDC,0.50586
2025-11-09,Gauntlet USDC Frontier,1.032157
2025-11-09,Gauntlet USDC Core,1.063399
2025-11-09,Smokehouse USDC,1.043067
2025-11-09,Hyperithm USDC Degen,1.031482
2025-11-10,MEV Capital USDC (ETH),1.093067
2025-11-10,Relend USDC,0.409354
2025-11-10,Gauntlet USDC Frontier,1.031712
2025-11-10,Gauntlet USDC Core,1.064745
2025-11-10,Smokehouse USDC,1.043415
2025-11-10,Hyperithm USDC Degen,1.032588
2025-11-11,MEV Capital USDC (ETH),1.087665
2025-11-11,Relend USDC,0.311062
2025-11-11,Gauntlet USDC Frontier,1.03282
2025-11-11,Gauntlet USDC Core,1.064298
2025-11-11,Smokehouse USDC,1.043117
2025-11-11,Hyperithm USDC Degen,1.03134
2025-11-12,MEV Capital USDC (ETH),1.084123
2025-11-12,Relend USDC,0.21332
2025-11-12,Gauntlet USDC Frontier,1.033497
2025-11-12,Gauntlet USDC Core,1.066133
2025-11-12,Smokehouse USDC,1.045138
2025-11-12,Hyperithm USDC Degen,1.032125
2025-11-13,MEV Capital USDC (ETH),1.08363
2025-11-13,Relend USDC,0.115176
2025-11-13,Gauntlet USDC Frontier,1.033393
2025-11-13,Gauntlet USDC Core,1.066997
2025-11-13,Smokehouse USDC,1.043906
2025-11-13,Hyperithm USDC Degen,1.033227
2025-11-14,MEV Capital USDC (ETH),1.084053
2025-11-14,Relend USDC,0.017781
2025-11-14,Gauntlet USDC Frontier,1.033839
2025-11-14,Gauntlet USDC Core,1.067462
2025-11-14,Smokehouse USDC,1.045298
2025-11-14,Hyperithm USDC Degen,1.033197
2025-11-15,MEV Capital USDC (ETH),1.084897
2025-11-15,Relend USDC,0.017924
2025-11-15,Gauntlet USDC Frontier,1.033617
2025-11-15,Gauntlet USDC Core,1.069102
2025-11-15,Smokehouse USDC,1.045905
2025-11-15,Hyperithm USDC Degen,1.033786
2025-11-16,MEV Capital USDC (ETH),1.085098
2025-11-16,Relend USDC,0.016928
2025-11-16,Gauntlet USDC Frontier,1.034288
2025-11-16,Gauntlet USDC Core,1.069169
2025-11-16,Smokehouse USDC,1.047769
2025-11-16,Hyperithm USDC Degen,1.034656
2025-11-17,MEV Capital USDC (ETH),1.085025
2025-11-17,Relend USDC,0.017553
2025-11-17,Gauntlet USDC Frontier,1.034964
2025-11-17,Gauntlet USDC Core,1.070575
2025-11-17,Smokehouse USDC,1.047709
2025-11-17,Hyperithm USDC Degen,1.035473
2025-11-18,MEV Capital USDC (ETH),1.085333
2025-11-18,Relend USDC,0.017158
2025-11-18,Gauntlet USDC Frontier,1.035337
2025-11-18,Gauntlet USDC Core,1.070453
2025-11-18,Smokehouse USDC,1.04726
2025-11-18,Hyperithm USDC Degen,1.036234
2025-11-19,MEV Capital USDC (ETH),1.086645
2025-11-19,Relend USDC,0.017321
2025-11-19,Gauntlet USDC Frontier,1.036218
2025-11-19,Gauntlet USDC Core,1.072677
2025-11-19,Smokehouse USDC,1.050172
2025-11-19,Hyperithm USDC Degen,1.036566
2025-11-20,MEV Capital USDC (ETH),1.085982
2025-11-20,Relend USDC,0.016968
2025-11-20,Gauntlet USDC Frontier,1.035581
2025-11-20,Gauntlet USDC Core,1.073541
2025-11-20,Smokehouse USDC,1.04887
2025-11-20,Hyperithm USDC Degen,1.035751
2025-11-21,MEV Capital USDC (ETH),1.085946
2025-11-21,Relend USDC,0.016905
2025-11-21,Gauntlet USDC Frontier,1.037683
2025-11-21,Gauntlet USDC Core,1.074798
2025-11-21,Smokehouse USDC,1.04986
2025-11-21,Hyperithm USDC Degen,1.037657
2025-11-22,MEV Capital USDC (ETH),1.086531
2025-11-22,Relend USDC,0.017015
2025-11-22,Gauntlet USDC Frontier,1.038055
2025-11-22,Gauntlet USDC Core,1.075545
2025-11-22,Smokehouse USDC,1.049961
2025-11-22,Hyperithm USDC Degen,1.037278
2025-11-23,MEV Capital USDC (ETH),1.086278
2025-11-23,Relend USDC,0.016755
2025-11-23,Gauntlet USDC Frontier,1.038212
2025-11-23,Gauntlet USDC Core,1.077148
2025-11-23,Smokehouse USDC,1.050396
2025-11-23,Hyperithm USDC Degen,1.03811
2025-11-24,MEV Capital USDC (ETH),1.086614
2025-11-24,Relend USDC,0.017202
2025-11-24,Gauntlet USDC Frontier,1.037907
2025-11-24,Gauntlet USDC Core,1.076679
2025-11-24,Smokehouse USDC,1.051735
2025-11-24,Hyperithm USDC Degen,1.037869
2025-11-25,MEV Capital USDC (ETH),1.087298
2025-11-25,Relend USDC,0.017421
2025-11-25,Gauntlet USDC Frontier,1.038539
2025-11-25,Gauntlet USDC Core,1.077576
2025-11-25,Smokehouse USDC,1.052038
2025-11-25,Hyperithm USDC Degen,1.039118
2025-11-26,MEV Capital USDC (ETH),1.087637
2025-11-26,Relend USDC,0.016957
2025-11-26,Gauntlet USDC Frontier,1.039163
2025-11-26,Gauntlet USDC Core,1.079323
2025-11-26,Smokehouse USDC,1.052108
2025-11-26,Hyperithm USDC Degen,1.039468
2025-11-27,MEV Capital USDC (ETH),1.087279
2025-11-27,Relend USDC,0.017731
2025-11-27,Gauntlet USDC Frontier,1.039186
2025-11-27,Gauntlet USDC Core,1.078963
2025-11-27,Smokehouse USDC,1.052744
2025-11-27,Hyperithm USDC Degen,1.039676
2025-11-28,MEV Capital USDC (ETH),1.087963
2025-11-28,Relend USDC,0.016994
2025-11-28,Gauntlet USDC Frontier,1.040342
2025-11-28,Gauntlet USDC Core,1.079953
2025-11-28,Smokehouse USDC,1.05414
2025-11-28,Hyperithm USDC Degen,1.039502
2025-11-29,MEV Capital USDC (ETH),1.087731
2025-11-29,Relend USDC,0.01747
2025-11-29,Gauntlet USDC Frontier,1.040047
2025-11-29,Gauntlet USDC Core,1.081509
2025-11-29,Smokehouse USDC,1.055292
2025-11-29,Hyperithm USDC Degen,1.040275
2025-11-30,MEV Capital USDC (ETH),1.088698
2025-11-30,Relend USDC,0.016881
2025-11-30,Gauntlet USDC Frontier,1.041197
2025-11-30,Gauntlet USDC Core,1.08334
2025-11-30,Smokehouse USDC,1.054169
2025-11-30,Hyperithm USDC Degen,1.040621
2025-12-01,MEV Capital USDC (ETH),1.088792
2025-12-01,Relend USDC,0.017344
2025-12-01,Gauntlet USDC Frontier,1.041573
2025-12-01,Gauntlet USDC Core,1.083235
2025-12-01,Smokehouse USDC,1.056064
2025-12-01,Hyperithm USDC Degen,1.041397
2025-12-02,MEV Capital USDC (ETH),1.089311
2025-12-02,Relend USDC,0.017573
2025-12-02,Gauntlet USDC Frontier,1.042011
2025-12-02,Gauntlet USDC Core,1.084249
2025-12-02,Smokehouse USDC,1.056392
2025-12-02,Hyperithm USDC Degen,1.041715
2025-12-03,MEV Capital USDC (ETH),1.089148
2025-12-03,Relend USDC,0.017236
2025-12-03,Gauntlet USDC Frontier,1.042442
2025-12-03,Gauntlet USDC Core,1.086411
2025-12-03,Smokehouse USDC,1.057687
2025-12-03,Hyperithm USDC Degen,1.042224
2025-12-04,MEV Capital USDC (ETH),1.089775
2025-12-04,Relend USDC,0.017242
2025-12-04,Gauntlet USDC Frontier,1.041733
2025-12-04,Gauntlet USDC Core,1.085787
2025-12-04,Smokehouse USDC,1.056932
2025-12-04,Hyperithm USDC Degen,1.042667
2025-12-05,MEV Capital USDC (ETH),1.089407
2025-12-05,Relend USDC,0.018284
2025-12-05,Gauntlet USDC Frontier,1.04337
2025-12-05,Gauntlet USDC Core,1.0871
2025-12-05,Smokehouse USDC,1.058897
2025-12-05,Hyperithm USDC Degen,1.042193
2025-12-06,MEV Capital USDC (ETH),1.089739
2025-12-06,Relend USDC,0.017831
2025-12-06,Gauntlet USDC Frontier,1.042922
2025-12-06,Gauntlet USDC Core,1.088699
2025-12-06,Smokehouse USDC,1.059268
2025-12-06,Hyperithm USDC Degen,1.043546
2025-12-07,MEV Capital USDC (ETH),1.090161
2025-12-07,Relend USDC,0.018581
2025-12-07,Gauntlet USDC Frontier,1.044207
2025-12-07,Gauntlet USDC Core,1.089169
2025-12-07,Smokehouse USDC,1.059484
2025-12-07,Hyperithm USDC Degen,1.043785
2025-12-08,MEV Capital USDC (ETH),1.090483
2025-12-08,Relend USDC,0.017018
2025-12-08,Gauntlet USDC Frontier,1.044607
2025-12-08,Gauntlet USDC Core,1.089725
2025-12-08,Smokehouse USDC,1.060569
2025-12-08,Hyperithm USDC Degen,1.044832
2025-12-09,MEV Capital USDC (ETH),1.09081
2025-12-09,Relend USDC,0.017191
2025-12-09,Gauntlet USDC Frontier,1.044891
2025-12-09,Gauntlet USDC Core,1.090392
2025-12-09,Smokehouse USDC,1.060723
2025-12-09,Hyperithm USDC Degen,1.04531
2025-12-10,MEV Capital USDC (ETH),1.090893
2025-12-10,Relend USDC,0.016985
2025-12-10,Gauntlet USDC Frontier,1.045915
2025-12-10,Gauntlet USDC Core,1.092477
2025-12-10,Smokehouse USDC,1.061768
2025-12-10,Hyperithm USDC Degen,1.046516
2025-12-11,MEV Capital USDC (ETH),1.090351
2025-12-11,Relend USDC,0.016824
2025-12-11,Gauntlet USDC Frontier,1.045046
2025-12-11,Gauntlet USDC Core,1.093465
2025-12-11,Smokehouse USDC,1.062504
2025-12-11,Hyperithm USDC Degen,1.046005
2025-12-12,MEV Capital USDC (ETH),1.091102
2025-12-12,Relend USDC,0.016883
2025-12-12,Gauntlet USDC Frontier,1.047613
2025-12-12,Gauntlet USDC Core,1.0937
2025-12-12,Smokehouse USDC,1.062847
2025-12-12,Hyperithm USDC Degen,1.046852
2025-12-13,MEV Capital USDC (ETH),1.091426
2025-12-13,Relend USDC,0.017558
2025-12-13,Gauntlet USDC Frontier,1.04645
2025-12-13,Gauntlet USDC Core,1.094789
2025-12-13,Smokehouse USDC,1.064349
2025-12-13,Hyperithm USDC Degen,1.047617
2025-12-14,MEV Capital USDC (ETH),1.092205
2025-12-14,Relend USDC,0.01719
2025-12-14,Gauntlet USDC Frontier,1.046805
2025-12-14,Gauntlet USDC Core,1.095408
2025-12-14,Smokehouse USDC,1.064051
2025-12-14,Hyperithm USDC Degen,1.047947
2025-12-15,MEV Capital USDC (ETH),1.090786
2025-12-15,Relend USDC,0.018211
2025-12-15,Gauntlet USDC Frontier,1.047675
2025-12-15,Gauntlet USDC Core,1.096176
2025-12-15,Smokehouse USDC,1.064133
2025-12-15,Hyperithm USDC Degen,1.047029
2025-12-16,MEV Capital USDC (ETH),1.092267
2025-12-16,Relend USDC,0.017483
2025-12-16,Gauntlet USDC Frontier,1.047564
2025-12-16,Gauntlet USDC Core,1.09666
2025-12-16,Smokehouse USDC,1.065087
2025-12-16,Hyperithm USDC Degen,1.049146
2025-12-17,MEV Capital USDC (ETH),1.091949
2025-12-17,Relend USDC,0.016694
2025-12-17,Gauntlet USDC Frontier,1.048541
2025-12-17,Gauntlet USDC Core,1.098089
2025-12-17,Smokehouse USDC,1.064522
2025-12-17,Hyperithm USDC Degen,1.04874
2025-12-18,MEV Capital USDC (ETH),1.092187
2025-12-18,Relend USDC,0.017794
2025-12-18,Gauntlet USDC Frontier,1.050043
2025-12-18,Gauntlet USDC Core,1.099707
2025-12-18,Smokehouse USDC,1.066351
2025-12-18,Hyperithm USDC Degen,1.04867
2025-12-19,MEV Capital USDC (ETH),1.093813
2025-12-19,Relend USDC,0.017476
2025-12-19,Gauntlet USDC Frontier,1.049581
2025-12-19,Gauntlet USDC Core,1.100049
2025-12-19,Smokehouse USDC,1.0672
2025-12-19,Hyperithm USDC Degen,1.049607
2025-12-20,MEV Capital USDC (ETH),1.092462
2025-12-20,Relend USDC,0.017173
2025-12-20,Gauntlet USDC Frontier,1.050012
2025-12-20,Gauntlet USDC Core,1.100708
2025-12-20,Smokehouse USDC,1.06736
2025-12-20,Hyperithm USDC Degen,1.050188
2025-12-21,MEV Capital USDC (ETH),1.092845
2025-12-21,Relend USDC,0.018198
2025-12-21,Gauntlet USDC Frontier,1.049158
2025-12-21,Gauntlet USDC Core,1.102443
2025-12-21,Smokehouse USDC,1.068956
2025-12-21,Hyperithm USDC Degen,1.049554
2025-12-22,MEV Capital USDC (ETH),1.093025
2025-12-22,Relend USDC,0.01726
2025-12-22,Gauntlet USDC Frontier,1.050234
2025-12-22,Gauntlet USDC Core,1.102426
2025-12-22,Smokehouse USDC,1.068393
2025-12-22,Hyperithm USDC Degen,1.051923
2025-12-23,MEV Capital USDC (ETH),1.093887
2025-12-23,Relend USDC,0.018082
2025-12-23,Gauntlet USDC Frontier,1.051754
2025-12-23,Gauntlet USDC Core,1.103169
2025-12-23,Smokehouse USDC,1.069301
2025-12-23,Hyperithm USDC Degen,1.051747
2025-12-24,MEV Capital USDC (ETH),1.093032
2025-12-24,Relend USDC,0.017802
2025-12-24,Gauntlet USDC Frontier,1.051727
2025-12-24,Gauntlet USDC Core,1.104464
2025-12-24,Smokehouse USDC,1.070535
2025-12-24,Hyperithm USDC Degen,1.05218
2025-12-25,MEV Capital USDC (ETH),1.093686
2025-12-25,Relend USDC,0.018026
2025-12-25,Gauntlet USDC Frontier,1.051762
2025-12-25,Gauntlet USDC Core,1.105877
2025-12-25,Smokehouse USDC,1.071091
2025-12-25,Hyperithm USDC Degen,1.052259
2025-12-26,MEV Capital USDC (ETH),1.094253
2025-12-26,Relend USDC,0.01682
2025-12-26,Gauntlet USDC Frontier,1.053219
2025-12-26,Gauntlet USDC Core,1.106395
2025-12-26,Smokehouse USDC,1.071149
2025-12-26,Hyperithm USDC Degen,1.053394
2025-12-27,MEV Capital USDC (ETH),1.093961
2025-12-27,Relend USDC,0.016742
2025-12-27,Gauntlet USDC Frontier,1.052434
2025-12-27,Gauntlet USDC Core,1.107708
2025-12-27,Smokehouse USDC,1.071386
2025-12-27,Hyperithm USDC Degen,1.054203
2025-12-28,MEV Capital USDC (ETH),1.093496
2025-12-28,Relend USDC,0.018294
2025-12-28,Gauntlet USDC Frontier,1.053772
2025-12-28,Gauntlet USDC Core,1.108275
2025-12-28,Smokehouse USDC,1.072369
2025-12-28,Hyperithm USDC Degen,1.053981
2025-12-29,MEV Capital USDC (ETH),1.094742
2025-12-29,Relend USDC,0.017998
2025-12-29,Gauntlet USDC Frontier,1.054179
2025-12-29,Gauntlet USDC Core,1.109316
2025-12-29,Smokehouse USDC,1.073076
2025-12-29,Hyperithm USDC Degen,1.054208
2025-12-30,MEV Capital USDC (ETH),1.095138
2025-12-30,Relend USDC,0.016591
2025-12-30,Gauntlet USDC Frontier,1.053902
2025-12-30,Gauntlet USDC Core,1.110531
2025-12-30,Smokehouse USDC,1.073958
2025-12-30,Hyperithm USDC Degen,1.054601
2025-12-31,MEV Capital USDC (ETH),1.095217
2025-12-31,Relend USDC,0.01762
2025-12-31,Gauntlet USDC Frontier,1.054761
2025-12-31,Gauntlet USDC Core,1.110688
2025-12-31,Smokehouse USDC,1.074586
2025-12-31,Hyperithm USDC Degen,1.054659
2026-01-01,MEV Capital USDC (ETH),1.095635
2026-01-01,Relend USDC,0.016595
2026-01-01,Gauntlet USDC Frontier,1.056001
2026-01-01,Gauntlet USDC Core,1.112232
2026-01-01,Smokehouse USDC,1.075232
2026-01-01,Hyperithm USDC Degen,1.056095
2026-01-02,MEV Capital USDC (ETH),1.096487
2026-01-02,Relend USDC,0.017953
2026-01-02,Gauntlet USDC Frontier,1.05502
2026-01-02,Gauntlet USDC Core,1.112273
2026-01-02,Smokehouse USDC,1.075407
2026-01-02,Hyperithm USDC Degen,1.056073
2026-01-03,MEV Capital USDC (ETH),1.096136
2026-01-03,Relend USDC,0.017083
2026-01-03,Gauntlet USDC Frontier,1.056489
2026-01-03,Gauntlet USDC Core,1.113453
2026-01-03,Smokehouse USDC,1.07603
2026-01-03,Hyperithm USDC Degen,1.055812
2026-01-04,MEV Capital USDC (ETH),1.095639
2026-01-04,Relend USDC,0.01677
2026-01-04,Gauntlet USDC Frontier,1.056363
2026-01-04,Gauntlet USDC Core,1.115276
2026-01-04,Smokehouse USDC,1.076476
2026-01-04,Hyperithm USDC Degen,1.058288
2026-01-05,MEV Capital USDC (ETH),1.096571
2026-01-05,Relend USDC,0.017538
2026-01-05,Gauntlet USDC Frontier,1.056876
2026-01-05,Gauntlet USDC Core,1.116017
2026-01-05,Smokehouse USDC,1.077279
2026-01-05,Hyperithm USDC Degen,1.057488
2026-01-06,MEV Capital USDC (ETH),1.097828
2026-01-06,Relend USDC,0.017398
2026-01-06,Gauntlet USDC Frontier,1.058335
2026-01-06,Gauntlet USDC Core,1.116234
2026-01-06,Smokehouse USDC,1.078165
2026-01-06,Hyperithm USDC Degen,1.058768
2026-01-07,MEV Capital USDC (ETH),1.096458
2026-01-07,Relend USDC,0.018352
2026-01-07,Gauntlet USDC Frontier,1.058569
2026-01-07,Gauntlet USDC Core,1.117222
2026-01-07,Smokehouse USDC,1.079114
2026-01-07,Hyperithm USDC Degen,1.058825
2026-01-08,MEV Capital USDC (ETH),1.097306
2026-01-08,Relend USDC,0.016661
2026-01-08,Gauntlet USDC Frontier,1.058306
2026-01-08,Gauntlet USDC Core,1.118297
2026-01-08,Smokehouse USDC,1.079376
2026-01-08,Hyperithm USDC Degen,1.059105
2026-01-09,MEV Capital USDC (ETH),1.097307
2026-01-09,Relend USDC,0.016778
2026-01-09,Gauntlet USDC Frontier,1.059315
2026-01-09,Gauntlet USDC Core,1.119644
2026-01-09,Smokehouse USDC,1.080309
2026-01-09,Hyperithm USDC Degen,1.059791
2026-01-10,MEV Capital USDC (ETH),1.097859
2026-01-10,Relend USDC,0.017676
2026-01-10,Gauntlet USDC Frontier,1.059544
2026-01-10,Gauntlet USDC Core,1.119427
2026-01-10,Smokehouse USDC,1.080859
2026-01-10,Hyperithm USDC Degen,1.05981
2026-01-11,MEV Capital USDC (ETH),1.097801
2026-01-11,Relend USDC,0.016808
2026-01-11,Gauntlet USDC Frontier,1.059494
2026-01-11,Gauntlet USDC Core,1.121702
2026-01-11,Smokehouse USDC,1.08124
2026-01-11,Hyperithm USDC Degen,1.060503
2026-01-12,MEV Capital USDC (ETH),1.097679
2026-01-12,Relend USDC,0.017461
2026-01-12,Gauntlet USDC Frontier,1.060958
2026-01-12,Gauntlet USDC Core,1.121835
2026-01-12,Smokehouse USDC,1.081924
2026-01-12,Hyperithm USDC Degen,1.060386
2026-01-13,MEV Capital USDC (ETH),1.097448
2026-01-13,Relend USDC,0.017291
2026-01-13,Gauntlet USDC Frontier,1.061055
2026-01-13,Gauntlet USDC Core,1.122772
2026-01-13,Smokehouse USDC,1.083119
2026-01-13,Hyperithm USDC Degen,1.060626
2026-01-14,MEV Capital USDC (ETH),1.097572
2026-01-14,Relend USDC,0.017226
2026-01-14,Gauntlet USDC Frontier,1.062122
2026-01-14,Gauntlet USDC Core,1.124027
2026-01-14,Smokehouse USDC,1.083623
2026-01-14,Hyperithm USDC Degen,1.060786
2026-01-15,MEV Capital USDC (ETH),1.097799
2026-01-15,Relend USDC,0.017891
2026-01-15,Gauntlet USDC Frontier,1.061894
2026-01-15,Gauntlet USDC Core,1.12538
2026-01-15,Smokehouse USDC,1.083464
2026-01-15,Hyperithm USDC Degen,1.06269
2026-01-16,MEV Capital USDC (ETH),1.098815
2026-01-16,Relend USDC,0.017265
2026-01-16,Gauntlet USDC Frontier,1.062085
2026-01-16,Gauntlet USDC Core,1.126492
2026-01-16,Smokehouse USDC,1.085128
2026-01-16,Hyperithm USDC Degen,1.062179
2026-01-17,MEV Capital USDC (ETH),1.097455
2026-01-17,Relend USDC,0.017305
2026-01-17,Gauntlet USDC Frontier,1.062091
2026-01-17,Gauntlet USDC Core,1.126224
2026-01-17,Smokehouse USDC,1.084452
2026-01-17,Hyperithm USDC Degen,1.062513
2026-01-18,MEV Capital USDC (ETH),1.097648
2026-01-18,Relend USDC,0.017563
2026-01-18,Gauntlet USDC Frontier,1.063993
2026-01-18,Gauntlet USDC Core,1.127102
2026-01-18,Smokehouse USDC,1.086062
2026-01-18,Hyperithm USDC Degen,1.063245
2026-01-19,MEV Capital USDC (ETH),1.097641
2026-01-19,Relend USDC,0.017783
2026-01-19,Gauntlet USDC Frontier,1.063111
2026-01-19,Gauntlet USDC Core,1.12871
2026-01-19,Smokehouse USDC,1.086268
2026-01-19,Hyperithm USDC Degen,1.064054
2026-01-20,MEV Capital USDC (ETH),1.09781
2026-01-20,Relend USDC,0.018674
2026-01-20,Gauntlet USDC Frontier,1.063808
2026-01-20,Gauntlet USDC Core,1.129172
2026-01-20,Smokehouse USDC,1.086489
2026-01-20,Hyperithm USDC Degen,1.063986
2026-01-21,MEV Capital USDC (ETH),1.097347
2026-01-21,Relend USDC,0.018041
2026-01-21,Gauntlet USDC Frontier,1.065292
2026-01-21,Gauntlet USDC Core,1.13007
2026-01-21,Smokehouse USDC,1.087
2026-01-21,Hyperithm USDC Degen,1.064955
2026-01-22,MEV Capital USDC (ETH),1.097389
2026-01-22,Relend USDC,0.017762
2026-01-22,Gauntlet USDC Frontier,1.065138
2026-01-22,Gauntlet USDC Core,1.130515
2026-01-22,Smokehouse USDC,1.088806
2026-01-22,Hyperithm USDC Degen,1.066073
2026-01-23,MEV Capital USDC (ETH),1.097359
2026-01-23,Relend USDC,0.017252
2026-01-23,Gauntlet USDC Frontier,1.065635
2026-01-23,Gauntlet USDC Core,1.132358
2026-01-23,Smokehouse USDC,1.088977
2026-01-23,Hyperithm USDC Degen,1.066636
2026-01-24,MEV Capital USDC (ETH),1.097577
2026-01-24,Relend USDC,0.017047
2026-01-24,Gauntlet USDC Frontier,1.065257
2026-01-24,Gauntlet USDC Core,1.132744
2026-01-24,Smokehouse USDC,1.089247
2026-01-24,Hyperithm USDC Degen,1.066984
2026-01-25,MEV Capital USDC (ETH),1.097406
2026-01-25,Relend USDC,0.017558
2026-01-25,Gauntlet USDC Frontier,1.066393
2026-01-25,Gauntlet USDC Core,1.134621
2026-01-25,Smokehouse USDC,1.091142
2026-01-25,Hyperithm USDC Degen,1.066277
2026-01-26,MEV Capital USDC (ETH),1.097421
2026-01-26,Relend USDC,0.017968
2026-01-26,Gauntlet USDC Frontier,1.067197
2026-01-26,Gauntlet USDC Core,1.135868
2026-01-26,Smokehouse USDC,1.090786
2026-01-26,Hyperithm USDC Degen,1.066819
2026-01-27,MEV Capital USDC (ETH),1.097961
2026-01-27,Relend USDC,0.018
2026-01-27,Gauntlet USDC Frontier,1.067721
2026-01-27,Gauntlet USDC Core,1.136117
2026-01-27,Smokehouse USDC,1.091643
2026-01-27,Hyperithm USDC Degen,1.068039
2026-01-28,MEV Capital USDC (ETH),1.098356
2026-01-28,Relend USDC,0.01777
2026-01-28,Gauntlet USDC Frontier,1.067682
2026-01-28,Gauntlet USDC Core,1.136854
2026-01-28,Smokehouse USDC,1.092329
2026-01-28,Hyperithm USDC Degen,1.067501
2026-01-29,MEV Capital USDC (ETH),1.09785
2026-01-29,Relend USDC,0.017249
2026-01-29,Gauntlet USDC Frontier,1.068235
2026-01-29,Gauntlet USDC Core,1.138338
2026-01-29,Smokehouse USDC,1.092437
2026-01-29,Hyperithm USDC Degen,1.068389
2026-01-30,MEV Capital USDC (ETH),1.096985
2026-01-30,Relend USDC,0.017819
2026-01-30,Gauntlet USDC Frontier,1.068998
2026-01-30,Gauntlet USDC Core,1.139699
2026-01-30,Smokehouse USDC,1.092803
2026-01-30,Hyperithm USDC Degen,1.068931
2026-01-31,MEV Capital USDC (ETH),1.09779
2026-01-31,Relend USDC,0.018235
2026-01-31,Gauntlet USDC Frontier,1.069083
2026-01-31,Gauntlet USDC Core,1.139675
2026-01-31,Smokehouse USDC,1.093876
2026-01-31,Hyperithm USDC Degen,1.069371
